,temp_clstr_175,hum_clstr_175,clstr_171,clstr_168,clstr_175_lag_502,clstr_175_lag_166,clstr_175_lag_334,175_inflow,175_lag_502_inflow,175_lag_166_inflow,175_lag_334_inflow
0,300.01,83,1,0,1,5,1,1,1,0,2
1,301.07,78,1,2,1,0,1,1,1,1,1
2,302.19,70,1,3,1,2,2,1,2,1,1
3,302.22,74,2,0,1,0,1,0,3,0,0
4,303.22,70,1,1,2,0,2,2,1,1,0
5,303.25,70,2,2,2,1,1,0,2,0,1
6,303.28,74,5,0,2,1,1,2,1,1,1
7,301.41,80,1,1,1,0,1,3,2,2,0
8,299.93,86,1,1,3,3,2,1,8,3,3
9,300.01,88,0,3,4,1,1,2,3,3,4
10,302.13,74,4,4,3,2,2,5,3,1,4
11,301.07,78,1,4,5,0,5,8,2,8,3
12,301.07,83,6,0,3,2,3,1,0,0,0
13,299.92,88,2,1,0,1,0,2,2,2,2
14,299.92,88,0,2,0,1,1,3,2,1,1
15,299.92,88,0,1,1,1,0,3,0,1,0
16,299.92,88,0,0,0,1,0,1,0,1,0
17,299.92,88,0,0,1,0,0,0,0,0,0
18,299.92,88,0,0,0,1,0,1,0,2,0
19,298.81,94,0,0,2,0,1,0,0,0,1
20,298.81,88,0,0,1,1,1,0,0,0,1
21,298.81,88,0,0,2,0,4,0,2,1,1
22,298.25,94,0,0,1,5,1,3,2,2,3
23,298.2,94,1,1,1,6,2,1,2,1,4
24,298.95,94,1,2,1,0,1,3,0,2,1
25,301.07,88,0,0,0,0,0,2,2,2,2
26,302.19,79,1,1,1,0,0,0,1,0,1
27,303.22,70,3,0,2,1,1,3,0,0,0
28,303.25,74,0,1,0,0,1,0,1,1,0
29,304.97,66,2,3,3,3,1,1,3,1,1
30,303.94,70,0,0,2,2,0,4,2,0,0
31,300.8,80,4,2,3,3,3,1,2,0,0
32,303.95,62,0,3,1,1,3,1,5,7,6
33,303.97,66,1,3,4,0,1,5,6,2,3
34,303.2,79,3,6,0,1,2,5,1,6,2
35,302.13,79,2,2,1,2,3,4,4,1,5
36,302.13,79,4,0,5,3,6,2,2,1,5
37,301.87,75,3,5,2,1,2,1,4,1,5
38,302.14,79,1,1,0,4,2,3,0,2,0
39,302.14,79,1,0,0,4,0,2,0,1,1
40,302.14,79,0,0,1,0,0,3,0,0,0
41,302.14,79,0,0,0,1,0,0,0,0,0
42,301.03,88,0,0,0,0,0,0,0,0,0
43,301.03,88,0,0,0,0,0,0,0,0,0
44,301.03,88,0,1,3,0,2,0,1,2,1
45,301.03,88,1,0,4,0,6,0,2,3,2
46,301.03,88,0,1,4,4,4,1,1,3,2
47,300.85,85,0,1,0,2,2,2,0,2,1
48,301.07,83,1,0,0,6,0,3,0,1,3
49,302.13,79,2,1,1,2,2,2,0,1,0
50,303.2,79,0,0,1,1,0,1,1,1,1
51,300.84,80,0,1,0,1,1,3,0,1,1
52,299.49,90,1,2,0,0,2,0,0,0,0
53,297.39,98,1,3,0,1,1,0,1,0,1
54,298.18,94,0,2,0,2,0,0,1,3,1
55,298.48,94,2,2,3,2,1,0,4,5,1
56,298.2,94,2,2,1,1,1,2,0,8,1
57,298.21,92,1,1,2,1,4,2,5,1,6
58,298.95,88,5,1,2,2,3,5,6,0,5
59,298.95,88,3,5,5,6,1,5,4,4,4
60,298.95,88,5,3,4,2,3,2,4,3,2
61,298.81,88,1,4,2,2,4,4,1,1,3
62,298.81,88,0,2,1,2,0,2,1,0,1
63,298.95,88,1,0,0,0,1,1,0,2,0
64,298.81,88,0,0,1,2,1,0,0,0,0
65,298.81,88,0,0,1,2,1,0,1,0,0
66,298.81,88,0,0,0,1,0,0,0,0,0
67,298.81,88,1,0,2,0,0,0,0,0,0
68,298.81,88,0,0,2,0,0,0,0,0,0
69,298.81,88,0,0,2,1,3,0,2,4,3
70,298.95,88,0,0,4,4,3,0,1,0,0
71,298.25,94,1,0,0,3,2,1,2,1,1
72,298.95,88,1,1,1,0,0,3,0,0,1
73,300.01,88,2,0,1,0,1,3,1,0,0
74,301.16,83,0,0,0,1,0,0,1,3,3
75,302.16,79,1,1,0,0,1,1,1,1,0
76,303.19,70,0,1,1,0,1,2,1,1,5
77,303.19,70,4,1,1,2,2,1,2,0,2
78,303.94,62,4,2,1,1,1,1,4,4,1
79,301.18,80,1,3,5,1,2,0,0,5,2
80,300.02,85,1,1,4,2,3,1,4,4,8
81,301.19,78,2,2,3,3,5,2,5,5,3
82,298.95,88,1,4,3,3,4,2,7,1,0
83,298.95,88,6,3,5,1,3,6,4,3,8
84,298.2,94,1,0,7,2,4,3,6,5,6
85,298.81,88,4,1,0,4,2,2,3,1,1
86,298.25,94,1,2,0,3,0,3,1,1,2
87,298.81,88,0,1,1,0,1,2,1,0,0
88,298.25,94,0,1,1,0,0,1,0,0,0
89,298.81,88,0,0,0,0,1,0,0,0,1
90,298.81,94,0,0,0,0,0,2,0,0,0
91,298.81,94,0,0,0,0,0,0,0,0,0
92,298.81,88,0,0,2,0,2,0,1,0,1
93,298.81,88,0,0,4,0,5,0,2,3,1
94,298.81,94,0,0,3,2,2,1,0,1,1
95,298.81,94,2,2,1,6,1,0,2,3,3
96,298.81,94,4,1,1,4,2,3,0,1,0
97,300.01,88,0,1,1,1,2,3,2,2,2
98,301.16,88,1,4,2,4,2,2,1,0,1
99,302.53,75,3,1,2,0,3,1,4,1,2
100,303.92,70,1,1,3,2,0,2,0,4,1
101,303.95,62,0,2,0,4,3,2,2,2,2
102,303.22,72,2,1,1,3,1,0,6,5,2
103,303.31,74,2,3,5,0,2,3,3,5,3
104,302.48,69,1,2,2,3,2,1,5,5,8
105,301.75,78,1,2,2,8,9,4,3,5,5
106,302.25,79,1,4,8,6,4,5,4,5,1
107,301.25,83,7,2,2,5,4,7,4,3,7
108,301.07,78,5,0,0,2,3,5,5,5,6
109,298.95,94,5,0,7,2,7,7,3,4,2
110,298.25,94,1,4,3,7,2,4,3,4,2
111,298.81,88,0,1,0,3,0,5,3,5,0
112,298.81,88,0,0,0,1,1,2,3,0,1
113,298.81,88,2,0,0,2,2,3,0,0,0
114,298.25,94,1,1,0,0,0,0,2,1,1
115,298.25,94,0,1,1,0,0,0,0,0,1
116,298.25,94,0,0,2,3,1,0,0,0,1
117,298.25,100,0,0,1,1,4,0,0,1,2
118,298.25,94,0,1,5,0,6,0,1,0,1
119,298.25,100,2,0,3,3,1,1,4,2,1
120,298.2,100,0,1,3,4,1,0,2,2,0
121,300.16,88,1,1,3,1,2,1,2,4,3
122,301.19,88,1,2,3,1,2,3,3,1,3
123,302.22,79,0,4,2,6,2,2,2,4,2
124,302.01,74,1,4,2,3,2,5,2,5,4
125,301.25,74,6,5,2,2,2,2,5,0,3
126,303.25,74,5,2,2,1,3,2,0,2,3
127,303.25,74,5,3,4,4,7,9,4,2,4
128,303.94,70,2,5,2,1,6,7,4,3,8
129,301.54,83,1,3,3,5,3,3,2,4,2
130,302.16,74,2,4,4,2,5,5,7,2,7
131,299.74,91,3,2,9,3,3,1,10,3,6
132,300.01,83,4,2,5,2,2,4,4,8,2
133,299.92,83,4,5,2,3,2,3,8,3,3
134,298.81,88,1,2,3,4,6,5,3,3,1
135,298.81,94,1,1,5,2,1,5,1,0,0
136,298.81,88,0,3,2,3,1,5,0,2,1
137,298.81,94,1,1,0,2,1,4,0,0,2
138,298.81,88,2,3,0,2,0,1,0,0,0
139,298.25,100,0,0,2,0,1,1,0,0,1
140,298.81,88,0,0,0,0,2,1,0,0,1
141,298.81,94,0,0,1,0,2,0,0,0,0
142,298.81,88,0,0,2,0,1,0,2,1,1
143,298.2,100,0,0,1,0,2,0,0,4,0
144,298.95,88,1,1,2,4,2,0,1,1,2
145,300.16,83,1,2,2,3,2,3,2,5,1
146,301.06,76,2,3,1,3,0,1,1,4,2
147,303.19,74,2,5,1,4,3,4,4,4,1
148,303.24,70,1,2,4,5,2,2,2,4,4
149,304.94,59,2,3,4,3,3,4,3,2,2
150,303.97,70,3,2,2,0,2,1,3,2,6
151,303.27,74,1,5,0,3,3,3,1,3,3
152,303.26,68,3,2,4,3,3,3,4,3,3
153,303.95,66,1,2,5,3,6,1,9,0,2
154,299.81,79,3,3,4,6,2,6,1,4,3
155,299.19,94,4,1,4,2,4,2,2,2,7
156,298.95,94,2,2,5,3,8,1,6,3,8
157,298.95,88,5,1,1,4,3,3,1,5,2
158,298.81,88,1,0,0,3,0,4,4,2,0
159,298.81,88,0,1,0,3,0,4,0,0,0
160,298.81,88,0,0,0,1,0,2,1,0,0
161,298.81,83,0,1,0,0,0,1,0,0,0
162,298.25,94,0,0,1,0,0,0,1,0,0
163,298.81,88,0,0,0,0,0,0,1,1,0
164,298.25,94,0,0,2,0,3,0,1,3,0
165,298.25,88,0,0,4,0,4,0,1,0,3
166,298.2,88,0,1,2,5,5,1,1,1,0
167,297.14,100,0,2,1,2,0,3,1,1,1
168,298.95,88,0,2,1,1,2,2,2,1,0
169,302.12,77,2,0,1,0,0,2,1,0,1
170,303.19,70,1,0,2,1,0,1,1,2,1
171,303.92,66,0,0,1,0,1,0,0,0,0
172,299.75,89,3,2,2,0,1,2,0,2,1
173,302.01,79,0,1,1,0,0,2,1,3,0
174,301.21,84,3,0,1,2,3,1,1,1,1
175,302.18,77,2,1,1,4,1,1,0,2,2
176,303.24,74,0,2,2,2,2,0,3,5,3
177,301.25,83,1,3,1,1,0,2,4,8,3
178,299.67,94,3,4,2,2,2,3,4,1,1
179,300.22,94,2,4,5,2,1,1,3,2,8
180,299.19,94,2,2,3,3,1,1,0,3,0
181,298.81,94,3,2,0,5,1,0,2,3,2
182,298.81,94,1,0,1,5,1,3,1,1,1
183,298.81,94,0,0,0,2,0,2,0,0,1
184,299.12,94,0,0,0,2,1,1,0,1,1
185,299.12,94,0,0,0,2,0,0,0,0,0
186,298.67,97,0,0,0,0,1,0,0,0,2
187,298.61,98,0,0,1,0,0,0,1,0,0
188,298.2,98,0,0,1,0,5,1,1,3,0
189,298.2,98,0,0,4,0,6,0,1,1,1
190,298.22,97,0,2,1,0,0,0,3,3,2
191,298.52,94,4,2,2,2,0,4,4,2,1
192,300.73,83,0,1,1,3,0,2,1,0,2
193,301.92,78,2,0,0,3,1,2,2,3,2
194,303.5,69,1,1,0,4,0,2,1,0,0
195,304.61,63,0,1,1,1,3,1,0,1,0
196,305.09,61,0,1,1,3,2,0,0,4,1
197,304.78,59,2,1,1,2,3,1,1,1,1
198,303.06,73,1,0,0,1,1,2,0,1,0
199,302.55,74,1,0,3,0,0,1,0,5,0
200,303.62,69,2,3,3,4,1,0,6,5,7
201,304.9,62,2,2,1,2,2,5,3,4,2
202,303.19,71,2,3,2,2,3,1,2,2,6
203,302.38,77,2,2,3,7,1,5,5,1,1
204,301.98,79,2,1,6,1,4,6,5,3,1
205,300.95,84,1,0,2,2,4,6,5,2,1
206,301.1,83,0,0,2,4,0,4,0,3,2
207,300.06,86,1,2,0,1,1,2,1,0,1
208,300.06,89,0,0,0,1,0,1,0,0,0
209,300.06,89,0,0,0,0,0,2,0,0,0
210,300.06,89,0,0,0,0,0,1,0,0,0
211,299.42,92,0,0,0,0,0,1,0,0,0
212,299.42,91,0,0,2,0,4,0,1,1,2
213,299.42,92,0,0,6,0,2,0,2,2,3
214,299.57,89,0,0,4,2,6,1,2,3,3
215,299.45,86,1,2,2,4,2,2,1,2,2
216,298.99,86,0,3,0,1,1,3,3,1,1
217,300.73,79,1,1,2,0,1,0,0,3,1
218,302.41,70,1,0,0,3,0,0,1,0,1
219,303.06,70,0,2,1,1,1,1,1,0,1
220,303.86,68,4,1,2,1,2,1,0,0,0
221,304.32,65,2,0,1,1,2,2,1,0,0
222,305.03,62,2,0,0,1,1,4,1,2,3
223,305.19,58,0,1,1,0,1,2,1,2,5
224,305.82,53,0,1,1,3,2,2,1,5,8
225,305.29,54,1,4,4,0,6,4,6,5,1
226,305.06,54,2,1,3,3,2,5,5,2,0
227,303.4,64,1,3,1,5,2,6,4,4,4
228,303.15,64,3,3,3,1,2,5,2,2,3
229,303.05,65,1,2,4,2,0,2,3,1,1
230,301.55,72,2,3,0,1,2,3,1,0,0
231,301.26,79,0,1,1,1,2,0,0,0,2
232,302.16,77,0,1,1,1,1,1,0,0,0
233,300.95,83,0,0,1,0,0,0,0,0,0
234,300.46,84,0,1,0,0,0,0,0,0,0
235,300.06,83,0,0,0,0,1,0,0,0,0
236,300.46,84,0,1,0,0,4,0,0,0,0
237,300.46,88,0,0,3,0,3,0,3,1,4
238,299.92,94,0,2,3,1,0,0,0,3,0
239,300.33,90,3,3,2,4,0,1,1,3,1
240,301.73,85,1,1,0,2,1,2,1,0,0
241,301.55,81,2,0,1,2,0,2,0,1,0
242,300.32,82,2,2,0,2,0,1,3,2,3
243,300.47,78,0,1,1,1,2,1,0,1,1
244,301.21,77,1,1,1,2,1,2,5,1,1
245,301.35,79,0,2,2,1,1,3,2,0,0
246,301.48,75,1,1,1,1,2,3,1,1,4
247,301.66,76,4,2,2,1,3,2,2,2,5
248,301.58,74,2,2,3,1,3,2,8,2,4
249,301.29,77,0,1,5,3,1,4,3,6,5
250,301.23,77,2,8,4,3,2,4,0,3,1
251,300.55,79,3,0,3,0,4,2,8,2,3
252,300.71,77,5,4,4,0,3,2,6,3,5
253,301.11,72,4,2,2,2,0,2,1,2,1
254,301.11,74,1,2,0,6,0,4,2,1,1
255,301.11,74,0,0,1,1,0,1,0,0,0
256,301.03,74,0,0,0,1,0,1,0,2,0
257,300.7,78,0,0,1,1,0,0,1,0,0
258,300.7,78,0,0,0,0,0,2,0,0,0
259,300.06,81,0,0,0,0,0,1,0,0,0
260,300.06,83,0,0,2,0,2,0,1,1,0
261,299.9,86,0,0,5,0,6,1,1,0,3
262,299.17,91,0,2,2,3,4,1,1,3,1
263,299.9,88,1,2,1,6,1,3,3,3,3
264,299.91,89,0,0,2,5,4,1,0,2,1
265,301.46,84,1,1,2,1,0,0,2,1,2
266,302.14,80,2,0,2,1,2,0,1,2,0
267,302.65,77,4,0,3,1,4,1,2,2,1
268,304.17,69,1,2,0,2,3,3,1,0,4
269,304.49,67,2,2,3,3,0,1,2,3,2
270,304.66,64,0,0,1,0,3,0,2,1,5
271,305.01,61,2,4,2,2,8,0,3,4,5
272,304.02,65,4,2,2,0,6,1,8,5,5
273,303.53,71,6,1,9,4,5,2,5,7,5
274,303.19,71,5,1,4,2,2,5,1,5,5
275,302.39,75,3,5,4,3,2,1,7,7,3
276,302.44,76,4,2,3,6,7,5,6,4,5
277,302.15,77,2,1,7,3,3,4,2,5,4
278,302.15,78,1,2,2,5,1,5,2,2,4
279,302.16,77,0,1,0,5,2,4,0,3,5
280,301.7,79,0,1,1,3,0,4,1,0,0
281,301.26,82,0,0,2,0,0,1,0,0,0
282,301.75,79,0,0,0,0,3,0,1,0,1
283,300.67,83,0,1,0,0,1,1,1,0,0
284,300.02,92,0,1,1,0,0,0,1,0,0
285,299.43,94,0,0,4,2,3,2,2,1,1
286,298.61,92,1,0,6,0,4,1,1,0,0
287,298.67,92,1,2,1,6,1,0,1,1,2
288,300.09,87,2,3,1,2,1,1,0,3,2
289,301.7,82,4,2,2,3,6,0,3,2,4
290,302.88,73,2,3,2,1,3,2,3,5,1
291,303.95,65,3,1,2,2,2,6,2,2,4
292,304.11,65,3,2,2,4,1,2,4,2,5
293,304.89,63,5,4,2,4,4,3,3,9,0
294,305.37,62,4,5,3,2,1,2,3,7,2
295,305.08,65,2,7,7,4,5,5,4,3,2
296,302.14,70,3,0,6,6,2,4,8,5,3
297,301.77,71,2,1,3,5,3,1,2,1,4
298,302.44,77,6,2,5,7,2,5,7,4,2
299,302.44,73,3,2,3,2,3,4,6,3,3
300,302.15,76,5,2,2,2,4,2,2,5,8
301,301.67,81,2,3,2,4,2,6,3,5,3
302,301.84,79,0,2,6,9,3,8,1,5,3
303,300.46,86,2,1,1,2,2,5,0,4,0
304,300.49,86,0,0,1,1,2,2,1,1,2
305,300.06,92,3,1,1,0,0,3,2,1,0
306,300.12,89,0,0,0,4,0,2,0,1,0
307,299.42,90,0,1,1,1,0,2,1,0,0
308,299.42,90,0,0,2,1,0,1,1,0,0
309,299.42,90,0,0,2,0,0,0,0,0,0
310,299.17,91,0,0,1,2,4,0,1,0,1
311,299.01,92,0,2,2,1,3,1,0,3,4
312,301.08,82,2,0,2,3,3,0,2,1,1
313,302.48,77,2,1,2,1,4,1,1,4,5
314,303.5,71,2,3,0,4,5,1,2,2,4
315,304.24,67,5,0,3,1,3,3,1,4,4
316,303.96,61,4,2,2,3,0,3,4,1,4
317,303.63,69,4,6,3,1,3,1,2,3,2
318,302.45,78,2,1,2,1,3,0,6,3,2
319,301.3,83,2,0,3,2,3,5,3,1,3
320,303.03,74,1,4,3,3,6,5,3,6,3
321,300.66,85,4,2,6,6,2,3,2,2,0
322,300.77,82,2,3,2,0,3,4,3,1,4
323,299.62,86,8,3,4,4,4,4,7,3,2
324,298.65,92,2,2,8,3,3,2,8,4,3
325,298.22,94,2,2,3,2,3,5,2,4,5
326,298.2,94,0,3,0,2,1,6,0,2,2
327,298.61,98,0,1,0,1,0,3,0,1,0
328,298.22,100,0,0,0,1,0,1,0,0,0
329,298.22,100,0,2,0,0,0,0,0,0,0
330,298.2,98,0,0,0,0,0,1,0,0,0
331,298.45,92,1,0,0,0,0,1,0,0,1
332,298.61,96,0,0,3,0,5,0,0,1,3
333,298.77,92,0,0,4,0,2,0,3,3,0
334,298.81,88,0,2,5,6,1,1,0,2,1
335,299.01,86,2,1,0,4,0,1,1,2,1
336,300.07,83,0,1,2,2,1,2,0,1,1
337,300.06,83,1,0,0,0,0,0,1,0,0
338,301.11,78,0,1,0,2,0,0,1,2,2
339,302.87,73,0,1,1,0,0,0,0,2,0
340,302.14,74,3,1,1,0,2,2,1,1,2
341,304.35,66,2,2,0,1,4,1,0,1,3
342,301.16,80,1,1,3,1,2,1,1,0,1
343,299.49,89,0,0,1,3,1,0,2,2,2
344,298.78,91,2,0,2,0,2,0,3,3,5
345,300.07,85,3,2,0,3,2,2,3,1,8
346,300.07,89,3,1,2,2,3,4,1,1,1
347,298.98,92,1,2,1,0,5,4,8,0,2
348,298.98,92,2,3,1,1,5,6,0,3,3
349,298.77,94,0,1,1,2,2,5,2,2,3
350,298.2,98,0,2,1,2,2,3,1,1,1
351,298.2,98,0,0,0,2,2,1,1,0,0
352,298.2,96,1,0,1,0,0,0,1,0,1
353,298.45,94,0,0,0,1,0,0,0,0,0
354,298.2,94,0,0,1,0,0,0,2,1,0
355,298.2,94,1,0,0,0,0,0,0,0,0
356,298.2,92,0,0,5,0,0,0,0,0,3
357,298.2,92,0,0,6,1,2,0,1,4,1
358,298.36,89,0,2,0,2,3,0,2,2,3
359,298.45,86,1,0,0,2,3,2,1,2,2
360,299.34,83,0,1,0,3,4,2,2,2,0
361,300.89,78,1,0,1,1,1,0,2,1,3
362,302.17,75,1,1,0,1,3,1,0,0,0
363,303.18,72,3,0,3,2,2,1,0,1,1
364,304.48,67,0,0,2,1,1,1,1,2,4
365,303.65,66,2,2,3,1,0,1,1,1,1
366,302.02,77,0,1,1,0,4,2,0,0,1
367,297.4,98,4,0,0,0,2,0,0,5,5
368,298.37,98,0,0,1,2,2,3,7,1,5
369,298.61,91,4,3,2,2,7,5,2,5,4
370,298.19,93,1,3,3,2,1,2,6,6,2
371,298.2,90,4,2,1,2,2,1,1,6,1
372,297.72,94,2,0,4,1,4,1,1,4,3
373,298.22,94,4,2,4,4,1,2,1,2,2
374,298.22,94,0,1,0,2,1,2,2,1,3
375,298.22,94,0,1,1,1,0,2,1,2,0
376,298.22,91,1,0,0,3,0,0,0,1,0
377,298.2,92,0,0,0,0,0,1,0,1,0
378,298.2,94,0,0,0,0,0,0,0,0,0
379,298.22,94,0,0,0,0,0,0,0,0,0
380,298.22,94,0,0,4,0,2,0,2,1,1
381,298.22,94,0,0,2,0,4,1,3,2,2
382,298.2,94,0,2,6,4,1,1,3,3,3
383,297.76,97,0,3,2,6,0,1,2,0,2
384,298.47,93,0,0,1,4,3,4,1,0,1
385,300.27,83,1,3,1,4,1,0,1,1,3
386,301.45,77,0,2,0,0,1,1,1,1,0
387,302.45,73,1,2,1,0,1,1,1,2,0
388,303.14,70,2,1,2,3,1,1,0,4,0
389,302.52,71,1,0,2,4,0,1,0,2,0
390,302.93,70,0,1,1,1,3,4,3,2,2
391,303.65,67,1,1,1,1,0,0,5,4,2
392,302.78,72,1,1,2,3,3,1,8,5,5
393,300.4,86,3,0,6,3,5,1,1,6,5
394,299.08,92,3,2,2,3,1,8,0,5,2
395,299.05,93,3,4,2,1,2,4,4,2,4
396,298.89,96,3,3,2,4,1,0,3,3,2
397,299.05,93,1,3,0,6,1,4,1,0,1
398,298.77,93,0,2,2,2,1,9,0,1,0
399,298.98,91,0,1,2,2,0,4,2,0,0
400,298.98,94,0,1,1,2,0,5,0,0,0
401,299.01,94,1,1,0,2,0,0,0,0,0
402,298.77,96,0,1,0,1,0,2,0,0,0
403,299.29,92,0,0,1,0,0,1,0,0,0
404,299.01,94,0,1,4,0,1,0,0,0,0
405,298.85,95,0,0,3,0,4,0,4,1,1
406,298.6,93,0,1,0,3,2,1,0,2,3
407,298.59,91,0,2,0,1,2,0,1,2,3
408,299.34,89,1,0,1,0,2,0,0,1,0
409,300.68,83,2,0,0,1,1,2,0,1,1
410,301.95,78,0,2,0,0,2,1,3,2,2
411,303.15,72,2,1,2,1,1,4,1,3,1
412,304.59,65,3,2,1,1,1,3,1,3,1
413,304.61,64,4,0,1,3,1,6,0,2,0
414,304.12,67,5,3,2,4,1,2,4,2,1
415,303.66,70,5,1,3,1,3,1,5,4,2
416,302.94,75,2,3,3,1,3,2,4,4,2
417,300.53,86,5,2,1,4,0,0,5,2,6
418,298.15,94,2,1,2,3,0,0,1,2,3
419,298.19,94,3,3,4,2,2,4,3,2,2
420,298.32,93,2,1,3,2,6,1,5,4,3
421,298.2,89,3,3,0,4,1,5,1,1,2
422,298.36,91,0,1,0,4,1,7,1,1,1
423,298.2,94,1,1,0,1,1,1,0,0,0
424,298.2,94,0,0,0,1,0,4,0,2,2
425,297.72,96,0,0,0,0,0,2,0,1,0
426,298.22,94,0,0,0,1,0,0,0,0,0
427,298.2,94,1,0,0,0,0,1,0,1,0
428,298.45,89,0,2,2,0,3,1,0,1,1
429,298.36,93,0,0,6,1,6,0,3,3,0
430,298.29,91,2,0,4,4,5,0,1,1,3
431,298.2,94,2,1,1,1,1,1,3,0,3
432,299.57,89,0,1,4,1,1,0,1,0,2
433,301.16,82,0,2,0,2,1,1,2,1,1
434,303.12,73,0,0,2,0,2,2,0,3,2
435,303.85,66,0,1,4,0,3,1,1,1,2
436,303.52,71,0,3,3,0,0,1,4,0,0
437,303.53,71,1,1,0,2,2,3,2,0,3
438,301.49,83,3,1,3,0,0,2,5,1,1
439,300.1,86,1,1,8,0,4,3,5,2,4
440,299.27,92,2,1,6,1,2,4,5,5,5
441,298.15,94,6,2,5,2,3,4,5,1,7
442,298.15,92,2,4,2,1,6,6,5,5,5
443,298.15,94,4,3,2,4,3,4,3,4,7
444,298.19,94,5,4,7,2,5,0,5,5,4
445,298.15,94,4,5,3,2,5,3,4,4,5
446,298.18,94,1,1,1,6,3,4,4,4,2
447,298.18,94,1,2,2,1,0,2,5,1,3
448,298.2,94,2,1,0,3,0,5,0,0,0
449,298.2,98,0,0,0,3,0,3,0,1,0
450,298.2,98,1,0,3,4,0,0,1,0,0
451,298.2,98,0,0,1,1,2,2,0,2,0
452,298.2,94,0,0,0,0,0,0,0,1,0
453,297.15,100,0,0,3,2,6,0,1,0,1
454,297.15,100,1,0,4,1,2,0,0,1,0
455,297.15,100,1,0,1,2,3,1,2,0,1
456,299.02,96,0,2,1,1,1,4,2,2,3
457,301.94,81,1,1,6,2,2,0,4,6,2
458,302.66,78,4,4,3,2,4,2,1,2,5
459,303.59,73,2,4,2,3,4,2,4,3,2
460,301.85,81,5,2,1,2,2,2,5,2,2
461,302.17,82,4,2,4,4,4,2,0,5,9
462,303.22,79,2,2,1,2,6,4,2,4,7
463,303.86,75,0,2,5,3,5,4,2,1,3
464,304.44,72,2,2,2,2,7,3,3,5,5
465,303.84,72,1,4,3,5,2,5,4,4,1
466,303.25,74,0,5,2,2,2,6,2,2,4
467,302.09,77,2,3,3,6,4,5,3,6,3
468,299.9,86,2,1,4,2,9,4,8,8,5
469,299.42,91,2,3,2,7,2,1,3,5,5
470,298.98,91,1,4,3,3,1,8,3,2,5
471,299.58,91,1,2,2,5,0,3,0,3,4
472,298.81,94,0,0,2,5,4,3,2,2,1
473,299.01,94,2,0,0,1,1,2,0,2,1
474,299.01,94,1,1,0,3,1,1,0,1,1
475,298.98,97,0,0,0,1,0,1,0,0,0
476,299.17,94,0,0,0,2,2,2,0,0,0
477,299.01,95,0,0,0,1,1,0,0,1,0
478,298.81,94,0,1,4,0,3,0,1,0,0
479,299.01,98,1,0,3,1,1,1,4,1,3
480,300.36,92,1,0,3,2,4,0,1,1,1
481,302.13,81,1,1,4,1,1,0,5,3,4
482,302.22,81,0,3,5,3,3,2,4,3,2
483,301.36,84,2,0,3,4,1,2,4,1,4
484,299.36,98,1,0,0,3,1,1,4,0,1
485,299.67,92,1,1,3,1,2,2,2,5,3
486,300.44,88,0,1,3,1,3,4,2,5,3
487,301.35,85,5,4,3,3,6,3,3,3,1
488,301.35,85,1,3,6,4,0,4,3,4,6
489,301.35,84,4,2,2,3,4,5,0,4,2
490,301.12,83,5,3,3,2,3,4,4,2,1
491,300.83,85,3,2,4,1,2,4,2,5,3
492,300.09,90,4,2,3,3,2,5,3,6,4
493,300.06,92,0,4,3,5,1,5,5,3,4
494,299.42,92,1,2,1,6,1,3,2,1,2
495,299.57,93,2,1,0,2,0,4,0,0,1
496,299.43,92,0,0,0,0,0,3,0,1,0
497,299.01,94,0,0,0,0,0,1,0,1,0
498,299.01,93,0,0,0,0,0,0,0,0,0
499,298.36,94,0,0,0,0,0,0,1,0,0
500,298.36,96,0,0,5,0,6,0,3,1,1
501,298.6,90,0,0,2,1,4,0,0,1,3
502,299.01,92,0,3,1,2,2,0,1,2,2
503,299.14,90,3,2,0,5,0,1,1,0,2
504,299.66,86,1,1,1,2,2,1,1,0,1
505,300.5,84,2,2,0,1,0,2,0,0,0
506,301.87,75,0,0,0,0,0,1,2,2,2
507,301.92,78,0,0,0,0,1,2,0,1,2
508,300.61,90,4,2,2,0,1,0,2,1,1
509,300.33,92,3,2,4,1,3,0,3,0,1
510,300.61,88,1,0,2,2,0,1,1,0,0
511,301.33,84,0,1,1,0,3,1,2,2,2
512,301.63,83,0,0,2,0,2,4,5,4,3
513,302.18,78,3,1,2,0,0,0,8,4,1
514,301.58,83,2,3,3,4,1,6,1,6,1
515,300.66,89,2,2,5,2,2,6,2,5,0
516,300.09,92,2,4,5,0,2,0,3,3,3
517,299.98,94,2,4,2,3,2,6,3,1,2
518,299.01,98,0,4,2,1,0,4,1,0,1
519,299.17,93,0,2,2,0,1,2,0,0,0
520,299.58,91,1,0,0,2,0,2,1,0,0
521,300.04,88,0,0,0,0,0,1,0,0,0
522,299.9,92,0,0,0,0,0,0,0,0,1
523,299.01,94,0,0,0,0,1,0,0,0,0
524,299.01,94,0,0,0,0,2,0,3,0,0
525,299.01,98,0,0,2,1,2,0,1,2,4
526,299.01,96,0,2,3,6,3,0,3,2,2
527,298.6,96,1,0,3,5,1,2,2,0,2
528,300.64,88,0,1,4,3,1,1,0,1,2
529,301.83,82,1,0,1,1,2,1,3,1,1
530,303.12,79,0,2,3,1,1,1,0,1,0
531,303.44,74,1,0,2,1,1,1,1,1,1
532,304.47,69,1,0,1,0,0,1,4,2,2
533,304.72,67,1,2,0,0,0,1,1,0,1
534,304.0,70,1,1,4,0,2,1,1,3,0
535,299.65,93,3,0,2,3,2,0,5,5,5
536,297.88,96,0,2,2,3,2,2,5,2,1
537,298.14,94,1,0,7,2,2,5,4,1,5
538,298.15,96,1,2,1,3,1,3,2,1,6
539,298.44,94,3,4,2,3,4,6,1,2,6
540,298.18,94,4,3,4,3,2,4,3,2,4
541,298.2,94,2,2,1,1,1,1,2,2,2
542,298.36,93,0,2,1,1,3,2,3,0,1
543,298.6,90,1,2,0,0,0,0,0,1,2
544,298.98,92,1,1,0,0,0,1,0,0,1
545,299.01,91,0,0,0,0,0,1,0,0,1
546,298.6,90,0,0,0,1,0,0,0,0,0
547,298.6,90,0,0,0,0,0,1,0,1,0
548,298.2,94,0,1,2,0,4,0,1,1,1
549,298.2,94,0,0,4,1,6,0,2,1,2
550,298.36,93,0,0,1,5,4,1,3,4,3
551,299.01,89,2,1,0,2,4,3,2,0,0
552,299.64,86,2,0,3,2,0,3,1,1,0
553,300.43,84,0,1,1,1,0,3,3,1,1
554,300.43,84,0,0,1,1,3,0,0,1,1
555,300.43,79,2,2,1,0,4,0,0,1,2
556,300.88,75,0,2,1,0,1,0,0,4,4
557,301.45,72,4,0,0,3,1,1,0,0,2
558,300.41,81,2,2,3,0,3,2,2,1,2
559,300.09,83,3,1,0,1,3,0,2,1,4
560,299.72,89,2,3,3,4,3,1,5,8,5
561,299.0,93,0,2,5,0,1,6,5,4,6
562,298.18,94,2,5,1,4,4,5,2,0,5
563,298.18,96,2,1,2,6,6,5,4,4,2
564,298.2,99,4,3,1,3,2,2,2,9,3
565,298.18,99,1,2,1,3,2,0,1,4,0
566,298.19,100,0,1,1,0,2,0,0,5,1
567,297.72,94,0,1,0,3,2,3,0,0,0
568,297.76,91,0,0,0,2,1,1,0,2,0
569,298.2,94,0,0,0,0,0,0,0,1,0
570,298.2,94,0,0,0,0,0,2,0,0,0
571,298.25,94,0,0,0,2,0,0,0,0,0
572,298.2,94,0,0,1,1,3,0,0,1,0
573,298.22,94,1,0,4,1,1,0,1,0,1
574,298.54,92,0,0,2,2,0,1,3,0,2
575,299.03,89,1,2,2,1,1,2,3,2,2
576,299.34,88,0,2,2,3,0,2,0,1,1
577,300.41,82,2,2,1,4,1,1,1,4,1
578,301.81,76,0,1,2,3,1,0,2,3,2
579,302.87,72,2,1,1,4,3,1,1,6,3
580,303.84,67,2,1,1,5,4,1,1,2,3
581,304.07,67,2,0,1,2,1,0,0,1,2
582,304.67,62,0,0,1,6,1,2,1,2,2
583,304.39,63,3,0,3,2,4,0,2,0,4
584,303.76,64,0,2,3,2,3,3,2,0,4
585,303.37,63,4,4,0,1,2,5,6,4,2
586,302.64,67,2,4,0,0,2,3,3,1,2
587,302.15,68,2,1,2,2,4,5,2,5,2
588,300.06,89,2,5,6,2,4,2,3,7,4
589,299.9,92,5,0,1,3,1,7,2,1,1
590,299.01,94,0,1,1,0,1,2,1,4,1
591,298.61,94,0,0,1,4,0,1,0,2,0
592,298.2,94,0,1,0,1,1,1,2,0,2
593,298.2,94,0,0,0,1,0,1,0,1,1
594,298.2,94,0,0,0,0,0,0,0,1,0
595,297.69,94,0,0,0,1,1,0,0,0,1
596,297.17,88,0,0,3,0,4,0,1,0,1
597,297.15,94,0,0,6,1,1,0,0,1,3
598,297.72,96,0,1,5,3,1,1,3,0,1
599,298.2,94,0,0,1,6,2,0,3,1,0
600,299.59,89,1,0,1,2,0,1,2,2,0
601,300.63,86,1,0,1,2,0,3,1,1,1
602,302.1,78,2,0,2,0,0,2,2,1,3
603,303.15,72,4,0,3,2,2,3,2,3,1
604,303.47,69,1,2,0,1,0,1,0,2,0
605,304.17,65,1,2,2,2,0,1,3,3,0
606,304.5,57,1,1,0,2,1,1,1,4,1
607,304.5,59,0,1,4,3,2,0,4,4,2
608,304.36,60,3,4,2,2,1,2,5,6,5
609,304.09,62,3,2,3,5,4,3,7,4,1
610,303.19,66,3,2,6,4,2,4,5,0,5
611,301.98,73,4,4,3,6,2,7,7,3,4
612,301.74,75,3,4,5,1,6,6,4,4,5
613,301.11,76,1,5,5,4,1,3,5,2,4
614,300.46,83,0,2,3,1,3,7,2,5,4
615,300.62,78,2,1,0,2,3,2,3,3,1
616,301.1,74,1,0,0,2,4,2,0,0,0
617,300.7,74,0,0,0,3,1,0,0,2,1
618,300.06,79,0,1,0,0,0,4,0,0,0
619,299.57,80,0,0,2,0,2,1,0,0,2
620,299.92,78,0,1,0,1,1,1,0,0,1
621,300.04,76,0,0,6,0,2,0,1,1,0
622,297.87,92,0,0,2,0,1,0,0,4,1
623,297.53,92,2,0,3,2,2,0,1,0,0
624,298.19,86,0,1,1,3,2,2,3,2,2
625,298.68,90,4,2,2,1,3,2,2,2,6
626,299.05,93,1,1,4,5,2,3,5,2,2
627,300.09,86,5,3,4,2,4,8,2,2,3
628,300.16,87,3,1,2,3,2,0,2,4,2
629,300.5,85,2,2,4,4,3,2,9,4,5
630,300.5,85,6,3,6,3,2,2,7,3,4
631,301.03,81,3,6,5,2,5,3,3,5,1
632,301.52,80,6,1,7,5,2,4,5,6,5
633,301.63,79,2,3,2,3,6,0,1,5,4
634,301.46,77,3,0,2,5,2,5,4,4,2
635,300.38,82,4,4,4,5,7,6,3,1,6
636,300.42,83,3,3,9,5,3,0,5,8,8
637,299.98,88,2,3,2,2,5,4,5,3,5
638,300.06,86,0,1,1,7,5,7,5,3,2
639,300.06,86,0,2,0,3,1,5,4,2,3
640,299.42,92,0,1,4,1,3,1,1,1,2
641,299.9,90,1,1,1,1,1,3,1,1,2
642,299.42,92,1,0,1,1,2,0,1,2,1
643,299.42,92,1,0,0,4,1,0,0,0,0
644,299.42,92,0,0,2,0,0,0,0,0,0
645,299.01,94,0,0,1,0,1,0,0,1,1
646,299.42,92,0,0,3,0,2,0,0,0,0
647,299.42,90,0,1,1,2,1,0,3,0,1
648,300.21,87,1,0,4,1,3,2,1,2,1
649,301.24,81,2,0,1,1,4,2,4,2,3
650,302.27,71,1,5,3,1,3,4,2,1,3
651,302.71,66,3,2,1,1,1,2,4,2,1
652,303.89,62,3,2,1,2,1,4,1,4,0
653,305.22,57,4,2,2,1,3,4,3,3,5
654,305.67,59,3,2,3,1,4,0,3,4,5
655,305.23,59,3,2,6,6,3,1,1,5,3
656,304.55,63,2,3,0,3,2,4,6,4,4
657,303.83,68,5,1,4,4,1,3,2,4,4
658,303.57,67,1,1,3,6,3,3,1,5,2
659,302.24,73,2,4,2,3,5,6,3,5,5
660,300.71,81,3,6,2,3,6,6,4,3,6
661,300.46,81,1,2,1,4,2,5,4,4,3
662,300.46,83,1,1,1,3,0,4,2,3,1
663,300.46,84,0,2,0,5,0,3,1,1,0
664,300.46,88,0,2,0,0,0,0,0,0,1
665,300.06,92,0,1,0,0,0,1,0,0,1
666,300.06,92,0,0,0,2,0,0,0,0,0
667,299.42,96,0,0,0,1,1,0,0,0,0
668,299.42,92,0,0,6,0,2,0,1,0,1
669,299.42,91,0,0,4,1,5,0,3,1,1
670,299.01,92,0,1,2,4,2,1,2,1,2
671,298.98,94,0,0,0,1,1,0,2,2,0
672,299.76,92,2,1,2,0,0,2,1,1,0
673,302.13,82,1,1,0,1,0,4,0,2,0
674,303.23,74,0,1,0,2,0,0,2,0,2
675,303.65,60,0,0,1,1,1,0,2,0,1
676,303.04,74,0,1,1,0,2,0,1,1,1
677,301.21,81,2,3,3,1,0,1,1,1,0
678,301.38,84,0,0,0,0,0,4,0,4,0
679,300.2,89,0,2,3,0,0,1,2,0,2
680,300.01,89,2,2,2,2,4,1,3,6,4
681,301.06,86,0,3,0,1,2,3,1,6,4
682,301.47,80,1,2,1,3,0,0,1,0,6
683,300.95,81,4,0,2,2,3,8,0,6,5
684,300.06,84,1,5,2,2,1,3,3,4,3
685,299.9,90,1,2,2,2,0,4,2,2,1
686,299.49,92,1,3,0,5,2,3,1,2,0
687,299.01,93,0,1,1,2,0,2,0,1,0
688,298.45,92,0,0,0,1,0,2,0,0,0
689,298.61,94,0,0,0,0,0,1,0,0,0
690,298.61,92,0,0,0,0,0,0,1,0,0
691,298.2,98,0,0,1,0,1,0,0,0,0
692,298.2,98,0,0,2,0,6,0,0,0,0
693,298.2,98,0,0,2,1,5,0,4,2,2
694,298.2,98,0,1,3,5,3,1,2,1,2
695,298.2,98,0,0,1,3,1,2,2,1,0
696,299.89,89,1,2,1,3,1,4,2,1,1
697,301.56,73,0,1,2,3,1,2,1,1,1
698,302.83,76,2,3,1,0,0,1,0,1,1
699,303.46,71,1,3,1,1,0,3,1,1,1
700,304.17,66,2,2,0,0,0,0,2,1,2
701,304.78,59,1,1,0,2,3,5,1,0,0
702,304.69,62,2,1,2,1,3,3,0,2,3
703,304.01,66,5,0,2,0,2,1,5,5,5
704,303.98,62,1,1,2,3,3,4,1,3,2
705,303.01,73,1,4,2,3,3,4,5,6,1
706,303.37,68,1,2,1,4,3,2,6,4,1
707,302.15,72,2,2,4,1,1,2,6,1,2
708,301.85,75,3,2,2,1,1,3,4,2,2
709,302.0,73,3,1,1,3,0,4,2,0,2
710,302.16,72,2,1,3,1,0,2,1,1,0
711,302.15,76,0,2,0,3,0,1,2,1,1
712,301.75,79,0,0,0,0,1,1,1,0,0
713,301.75,81,0,0,0,1,0,1,1,1,0
714,301.59,81,0,0,0,1,0,1,0,0,0
715,300.46,86,0,0,0,0,1,0,0,0,1
716,300.04,88,0,0,4,0,5,0,1,1,1
717,299.57,91,0,1,6,3,2,0,2,3,1
718,299.01,94,0,1,4,5,2,0,3,3,4
719,299.44,90,1,1,4,4,1,2,0,3,0
720,301.05,84,0,1,0,1,1,0,0,0,1
721,302.93,79,1,1,0,2,0,2,1,0,1
722,303.68,71,0,1,3,3,0,3,1,0,1
723,304.02,66,0,1,4,1,3,3,2,1,1
724,299.73,85,0,4,1,1,0,1,4,2,4
725,301.39,77,2,3,1,0,1,1,2,0,0
726,304.02,66,0,0,3,1,4,1,2,1,1
727,304.91,62,3,1,3,2,0,1,4,6,1
728,303.76,63,2,0,3,1,4,1,5,5,8
729,303.5,68,0,5,1,1,6,1,6,5,4
730,301.43,83,3,2,4,4,3,4,5,2,0
731,300.88,84,4,3,6,1,3,12,2,0,4
732,300.39,86,2,1,2,5,0,9,3,0,9
733,300.62,85,2,1,2,3,3,8,0,3,4
734,300.95,84,1,1,2,3,2,4,1,1,5
735,300.49,83,1,0,2,2,0,0,0,0,0
736,300.04,88,0,2,1,2,0,0,0,2,2
737,299.9,90,0,0,0,0,2,0,0,0,1
738,300.06,89,0,0,0,0,1,0,0,0,0
739,299.16,92,0,0,0,0,1,0,0,0,0
740,299.01,94,0,1,3,0,2,0,0,1,1
741,299.01,92,0,0,1,0,1,0,1,2,0
742,299.01,92,0,2,0,2,3,0,2,2,0
743,299.43,92,1,1,1,1,4,2,2,1,2
744,300.13,87,1,1,0,3,3,3,1,0,1
745,299.01,93,1,2,1,1,4,1,1,1,4
746,297.44,94,1,2,1,1,5,2,2,1,3
747,297.15,98,2,1,3,0,2,3,3,0,6
748,298.62,92,1,0,4,2,6,2,3,2,2
749,300.71,83,0,1,1,0,2,1,2,0,1
750,302.69,71,3,1,1,1,2,2,2,3,2
751,302.8,70,1,4,4,0,1,2,4,5,0
752,303.44,67,1,2,3,4,0,0,4,3,0
753,302.76,70,1,4,2,2,2,1,2,5,4
754,302.15,70,5,3,2,3,2,3,2,2,1
755,301.21,73,1,4,4,2,3,4,2,7,5
756,300.45,78,4,3,4,2,0,1,4,2,7
757,299.42,84,1,1,1,2,4,8,1,1,1
758,299.42,86,0,3,1,1,1,2,1,1,4
759,299.01,89,0,1,0,0,1,2,0,1,2
760,300.06,81,0,1,1,0,0,1,2,0,0
761,299.65,82,0,0,0,2,1,0,1,0,1
762,298.61,88,0,0,0,0,0,1,0,0,1
763,298.2,89,0,0,1,0,1,0,1,0,0
764,298.2,92,0,0,4,0,3,0,1,1,0
765,298.61,90,0,0,1,0,6,0,3,0,1
766,298.77,89,0,0,1,2,2,1,1,1,0
767,298.2,92,1,2,2,8,2,3,0,3,1
768,299.55,89,0,1,0,4,0,2,0,2,2
769,302.11,71,1,1,0,0,2,1,1,3,1
770,303.28,66,2,1,0,3,1,0,3,1,1
771,304.41,59,0,2,2,1,2,2,1,1,3
772,303.61,72,3,3,0,1,2,1,0,1,2
773,302.91,74,1,1,0,2,3,5,0,0,3
774,303.21,75,3,1,1,1,2,4,1,2,4
775,304.45,67,1,2,2,0,5,1,2,3,4
776,303.88,67,3,1,1,2,4,4,5,4,6
777,304.21,66,5,2,4,3,6,7,1,7,4
778,301.19,77,3,2,2,2,1,4,5,6,0
779,299.78,87,4,2,2,6,4,4,4,3,3
780,300.21,88,6,3,6,6,1,5,5,7,4
781,300.46,84,6,3,1,7,2,9,4,2,2
782,300.46,84,1,3,3,4,2,4,4,2,5
783,300.31,86,2,5,3,1,3,8,1,0,3
784,300.46,83,0,0,4,0,0,4,0,4,0
785,299.57,89,1,0,1,1,0,0,1,1,2
786,299.42,90,1,0,0,1,1,0,0,1,0
787,299.42,90,0,1,2,2,0,4,2,0,0
788,300.06,90,0,1,1,3,0,1,1,0,0
789,299.57,91,0,0,2,0,2,0,0,0,1
790,299.65,86,0,0,1,1,3,0,1,2,4
791,297.96,88,1,0,2,1,1,2,0,2,0
792,297.61,92,0,1,2,2,5,0,2,3,2
793,298.33,90,1,2,3,2,2,3,6,8,2
794,298.99,86,2,3,2,2,3,1,2,0,2
795,299.34,86,5,2,4,6,4,1,3,2,2
796,299.39,88,5,2,2,6,3,6,2,2,4
797,300.13,83,3,3,3,1,2,6,5,3,4
798,301.43,78,4,0,2,1,5,1,4,4,3
799,302.13,75,2,1,5,1,3,4,1,0,5
800,302.52,76,2,4,2,4,5,7,5,5,6
801,302.15,75,5,1,6,2,5,2,4,6,5
802,301.86,80,5,5,2,4,5,3,2,0,4
803,300.42,87,5,2,7,2,2,5,6,4,1
804,299.89,86,3,2,3,5,7,4,8,7,8
805,299.51,92,1,1,5,2,3,14,5,5,3
806,299.22,93,1,5,5,6,1,8,2,1,3
807,299.51,93,0,1,1,6,1,4,3,3,2
808,298.98,94,2,0,3,2,1,1,2,0,1
809,299.17,94,0,1,1,1,4,2,2,0,1
810,299.01,98,0,3,2,1,0,0,1,0,2
811,299.43,95,0,0,1,0,0,1,0,0,0
812,299.17,93,0,0,0,0,0,1,0,0,0
813,299.9,90,0,0,1,0,2,0,1,0,1
814,299.05,94,0,0,2,0,1,1,0,2,0
815,298.76,97,0,1,1,1,1,0,1,2,0
816,299.1,100,1,1,3,0,1,0,1,4,2
817,302.37,80,2,2,4,2,1,2,3,2,2
818,302.94,75,2,2,3,4,2,3,3,4,1
819,304.07,68,1,3,1,3,1,2,1,4,2
820,304.73,65,3,1,1,4,1,1,0,0,4
821,304.59,67,4,4,3,2,6,4,5,1,3
822,304.49,66,1,2,4,3,3,3,5,4,4
823,303.76,75,7,2,3,1,4,1,3,3,5
824,300.02,84,2,1,2,4,6,3,4,3,4
825,299.62,92,2,0,1,1,3,1,4,6,4
826,299.15,91,5,3,3,3,3,7,2,6,5
827,299.04,92,2,0,5,4,4,4,5,5,5
828,299.04,89,2,4,6,5,3,4,6,4,3
829,298.32,94,2,2,2,8,5,4,3,3,4
830,298.22,94,3,2,0,4,0,6,1,0,3
831,298.2,98,0,2,0,3,0,1,0,1,1
832,298.52,94,0,1,0,0,2,2,1,0,0
833,298.22,97,0,0,0,2,1,3,1,0,0
834,298.22,97,0,0,0,1,0,0,0,0,0
835,299.4,87,0,0,1,0,1,0,0,0,0
836,298.2,94,0,0,2,0,4,0,1,1,0
837,298.22,97,0,0,5,1,1,0,1,0,1
838,298.2,94,0,1,2,2,0,0,2,2,1
839,298.22,97,2,1,1,0,1,1,0,4,2
840,299.05,93,1,1,0,1,2,2,0,0,1
841,300.09,87,1,2,0,2,1,5,0,0,2
842,302.1,76,0,0,0,2,0,4,2,0,0
843,303.5,72,2,3,1,1,1,1,1,1,0
844,303.76,69,0,2,2,0,0,1,1,4,1
845,304.02,68,5,1,0,0,0,1,0,1,1
846,304.07,68,1,1,0,2,2,1,0,1,4
847,303.5,73,4,0,0,1,1,3,2,3,0
848,304.04,66,1,1,4,2,3,1,4,0,6
849,304.5,61,1,4,2,3,2,1,4,8,6
850,303.25,70,2,2,0,0,2,4,6,3,0
851,302.44,76,6,4,3,1,2,3,5,4,6
852,300.88,83,2,3,1,7,5,1,3,3,4
853,300.46,84,4,5,0,2,2,10,1,2,2
854,299.92,88,1,0,2,3,1,6,0,2,2
855,300.06,82,1,0,0,1,0,2,0,1,1
856,299.42,84,1,1,0,1,0,2,0,0,0
857,299.01,86,0,1,0,0,0,0,0,0,0
858,299.01,90,0,0,0,0,0,0,0,0,0
859,299.01,92,0,0,1,0,1,0,0,0,0
860,299.01,92,0,0,6,0,5,0,0,1,0
861,299.01,92,1,0,5,0,3,0,2,2,2
862,298.81,94,0,0,3,4,3,0,2,4,1
863,299.01,92,2,1,1,6,3,1,0,2,1
864,300.38,87,1,3,1,3,0,4,1,1,1
865,302.12,80,2,1,1,1,1,3,1,3,1
866,303.58,74,0,0,0,0,0,3,1,0,1
867,303.41,74,0,0,0,2,2,1,1,5,1
868,303.58,72,0,2,0,5,1,3,2,3,1
869,301.19,82,2,2,3,1,0,2,0,1,0
870,298.62,94,1,2,3,1,3,3,3,4,2
871,300.57,87,3,1,2,1,3,2,5,4,5
872,299.55,85,0,0,3,2,4,1,2,2,3
873,299.07,83,1,1,3,1,1,3,1,2,6
874,299.07,84,3,1,3,3,1,7,1,3,4
875,298.75,86,2,2,1,2,3,0,2,4,1
876,298.75,90,6,3,1,2,1,3,2,2,2
877,298.15,88,1,2,0,1,3,6,2,1,0
878,298.2,90,0,2,0,1,0,3,0,1,1
879,298.61,86,1,1,0,1,1,3,1,1,1
880,298.81,88,0,1,1,1,1,1,0,1,0
881,298.6,85,0,1,0,0,0,0,0,0,1
882,298.2,88,0,0,0,0,0,0,0,0,0
883,298.2,88,0,0,1,0,3,0,1,0,0
884,298.2,92,0,0,5,0,5,0,1,0,1
885,298.2,92,0,0,2,0,4,0,1,2,3
886,298.2,92,0,1,2,7,1,1,4,0,3
887,298.2,94,1,0,1,5,2,0,0,2,3
888,298.18,94,0,1,1,4,3,2,1,3,0
889,298.75,89,0,1,0,1,1,3,1,3,0
890,297.54,93,1,0,0,0,1,1,1,1,0
891,297.58,94,2,1,3,3,0,0,1,1,1
892,297.97,92,2,2,0,2,1,1,4,1,2
893,298.18,90,0,2,1,1,2,3,0,1,0
894,298.73,91,0,1,4,1,1,2,1,1,1
895,299.41,90,1,0,0,2,1,0,1,1,6
896,299.58,92,0,1,4,2,4,1,8,4,5
897,300.09,89,4,1,6,2,1,2,4,12,5
898,300.09,88,0,4,3,5,5,3,0,9,2
899,299.13,92,2,5,3,3,3,7,4,8,0
900,299.05,92,4,0,0,3,3,3,9,4,0
901,299.04,90,3,3,3,7,2,4,4,0,3
902,298.81,88,1,2,2,1,2,4,5,0,1
903,298.2,94,0,1,0,0,0,1,0,0,0
904,298.22,94,0,4,0,1,0,0,2,0,2
905,298.6,90,0,1,2,1,0,1,1,0,0
906,298.22,94,0,0,1,0,0,0,0,0,0
907,298.2,94,0,0,1,1,0,0,0,0,0
908,298.05,94,0,0,2,0,2,0,1,0,1
909,297.64,93,0,0,1,0,1,0,0,2,2
910,297.14,94,0,0,3,2,3,0,0,3,2
911,297.64,95,2,2,4,6,1,0,2,1,1
912,298.18,94,0,0,3,6,1,2,1,2,0
913,300.37,83,1,2,4,4,0,1,4,3,1
914,300.06,83,1,2,5,0,2,1,3,2,1
915,301.63,79,0,1,2,4,0,2,6,1,0
916,303.13,69,1,0,6,1,1,2,2,2,2
917,303.93,65,2,1,2,1,0,2,1,2,0
918,304.59,61,0,2,2,1,4,2,2,0,3
919,304.72,57,3,2,1,1,2,3,0,1,5
920,305.44,54,2,0,0,1,3,3,0,3,3
921,304.73,57,0,3,2,1,2,6,4,4,5
922,304.0,66,3,1,2,3,2,3,1,1,2
923,303.2,70,4,4,3,1,2,5,5,8,7
924,302.0,74,5,1,0,3,1,1,7,2,2
925,299.98,78,2,3,4,3,0,5,1,2,1
926,299.66,80,1,1,1,4,0,6,4,1,1
927,298.81,83,0,0,1,2,2,3,2,0,1
928,299.92,83,3,1,0,1,0,1,0,1,0
929,299.92,83,1,1,1,1,0,1,1,0,0
930,300.06,80,0,0,0,0,0,0,1,0,0
931,298.81,83,0,0,1,0,0,0,0,0,0
932,298.81,88,0,0,3,0,2,0,0,1,1
933,298.61,90,0,0,6,1,8,0,1,3,0
934,298.25,88,0,0,2,4,4,1,0,2,1
935,298.2,88,0,0,2,3,0,3,1,1,3
936,299.05,82,1,2,0,8,3,2,2,0,2
937,299.61,79,1,1,2,3,1,1,1,2,3
938,301.07,69,1,1,1,0,1,2,1,1,1
939,303.23,63,1,1,2,1,2,3,3,5,1
940,303.2,66,1,3,2,1,1,1,2,4,1
941,303.16,70,1,1,3,4,0,5,3,1,0
942,304.65,59,4,3,2,4,2,2,4,4,2
943,304.46,58,5,0,5,2,3,4,4,7,3
944,305.12,58,3,3,4,1,2,1,6,4,4
945,304.42,58,1,2,6,9,6,3,4,4,7
946,303.81,58,7,0,1,7,6,4,0,5,6
947,304.12,58,5,2,4,3,7,5,3,9,3
948,302.14,70,5,3,1,1,4,2,4,4,7
949,301.12,78,2,3,2,4,1,8,2,8,2
950,300.12,83,1,2,2,5,0,5,5,4,2
951,300.88,80,1,0,3,2,1,5,3,0,0
952,300.12,83,0,2,0,4,1,2,0,0,4
953,300.12,83,1,0,0,4,2,1,2,4,1
954,299.88,80,0,1,1,1,3,3,0,1,1
955,299.88,80,1,0,0,2,0,1,0,0,0
956,299.12,83,0,0,0,2,1,1,0,0,0
957,299.16,80,0,0,2,0,1,0,1,2,0
958,299.12,78,1,0,3,1,2,0,4,0,2
959,299.12,78,2,0,1,3,2,0,0,3,2
960,299.91,79,0,3,5,5,2,2,2,1,3
961,300.12,74,4,2,2,1,6,3,2,1,8
962,301.12,74,0,2,3,7,6,1,2,6,0
963,303.15,65,3,4,4,1,1,0,2,6,2
964,303.12,66,4,2,3,2,1,2,4,1,2
965,303.12,62,4,1,2,5,1,2,4,4,3
966,305.15,53,0,1,5,5,4,1,3,7,4
967,305.22,55,2,3,3,2,2,2,5,2,0
968,303.12,74,2,1,5,7,4,4,6,3,5
969,303.81,66,5,3,5,6,2,1,5,5,6
970,302.81,73,5,2,5,2,5,5,4,4,0
971,297.74,95,1,4,2,3,2,3,1,14,4
972,296.55,94,2,5,7,3,6,2,8,8,7
973,297.12,94,5,3,3,6,6,9,3,4,5
974,298.12,94,2,1,1,7,2,4,3,1,1
975,298.16,100,1,2,1,4,1,4,2,2,3
976,298.12,94,0,1,1,0,1,4,1,0,0
977,299.12,89,0,0,4,2,0,6,1,1,0
978,298.18,100,0,0,0,1,0,1,2,1,0
979,298.12,94,0,0,0,3,0,1,0,0,0
980,298.12,94,0,0,0,2,0,0,0,1,0
981,298.16,94,0,0,2,0,1,3,1,0,0
982,298.12,94,1,0,1,1,0,0,0,0,2
983,299.12,83,1,0,1,3,2,1,0,2,2
984,298.12,88,2,0,1,3,4,0,2,3,4
985,301.15,77,1,3,1,2,3,1,2,2,2
986,301.12,78,1,2,2,4,4,7,1,1,4
987,303.57,65,3,7,1,1,2,1,2,4,4
988,303.12,66,3,4,1,4,3,4,4,3,0
989,304.12,66,1,4,6,3,1,0,3,1,1
990,305.61,59,4,3,3,5,4,2,4,3,4
991,304.57,62,3,1,4,2,1,4,5,1,3
992,304.12,70,7,5,6,0,3,2,4,7,3
993,304.33,59,4,0,3,4,4,4,4,4,6
994,303.12,74,3,5,3,5,5,6,5,4,6
995,302.22,71,5,3,4,3,8,7,5,4,5
996,302.15,71,4,6,3,4,4,3,3,6,4
997,302.12,74,2,2,5,4,3,4,4,1,3
998,301.12,78,2,1,0,4,0,7,3,2,0
999,300.88,80,1,1,0,2,2,1,1,3,1
1000,300.18,83,0,0,2,0,1,3,0,0,0
1001,301.18,74,1,0,1,1,0,2,0,0,0
1002,300.88,77,0,0,0,0,0,1,0,0,0
1003,300.12,89,0,0,1,2,1,0,0,0,0
1004,301.12,78,0,0,4,0,2,1,0,0,1
1005,300.16,78,0,0,1,2,0,0,1,1,0
1006,300.12,78,0,1,0,2,1,1,1,2,2
1007,300.12,78,2,0,1,1,2,0,2,5,4
1008,300.12,78,1,3,2,2,2,1,1,4,0
1009,303.18,70,1,5,1,2,1,0,2,1,0
1010,303.33,52,1,1,0,1,0,0,0,1,0
1011,304.7,60,0,2,1,5,0,1,0,1,1
1012,304.12,62,2,1,0,3,2,1,1,1,4
1013,304.12,58,4,1,0,0,1,1,1,3,1
1014,306.33,50,1,6,2,1,2,3,4,1,1
1015,306.88,42,1,2,1,2,3,2,0,1,3
1016,306.12,49,2,0,3,3,0,3,6,4,0
1017,302.79,67,1,3,2,1,1,1,6,3,8
1018,302.49,68,5,3,2,1,7,6,0,1,3
1019,301.77,71,2,0,2,5,2,5,6,10,4
1020,301.56,69,3,1,5,3,3,0,4,6,3
1021,301.44,70,1,1,2,3,1,3,2,2,2
1022,301.21,71,2,0,1,5,1,5,2,2,2
1023,300.97,72,2,1,0,5,0,1,1,0,1
1024,300.72,72,0,0,0,1,0,2,0,0,0
1025,300.53,73,0,3,0,2,0,1,0,0,0
1026,301.51,71,0,0,0,0,0,0,0,0,0
1027,301.59,72,0,0,1,0,0,0,0,0,0
1028,301.11,74,0,0,5,0,4,0,0,0,1
1029,300.67,73,0,0,3,1,6,0,2,1,2
1030,299.54,78,1,1,3,1,3,0,1,4,4
1031,298.81,83,1,0,3,4,1,1,1,3,2
1032,299.86,79,2,2,0,1,0,3,1,3,1
1033,302.14,74,2,1,1,1,2,1,1,1,3
1034,303.5,64,1,2,0,1,5,2,1,3,0
1035,304.36,60,0,1,2,2,1,1,1,2,5
1036,304.44,58,0,0,1,4,1,0,1,3,3
1037,305.18,59,0,2,0,0,1,3,0,2,1
1038,305.6,53,3,1,3,1,2,1,2,1,4
1039,305.84,52,0,2,3,2,1,2,5,3,4
1040,305.84,52,2,2,4,4,3,0,3,7,2
1041,305.6,53,6,2,1,1,2,0,6,0,2
1042,303.94,66,3,1,1,4,2,2,4,3,3
1043,303.25,66,2,2,3,2,1,3,1,6,4
1044,302.97,64,3,3,1,2,1,4,2,3,2
1045,301.55,74,3,3,3,1,1,4,0,3,1
1046,301.55,72,1,0,0,2,1,3,1,1,1
1047,301.67,68,0,0,1,1,0,1,1,0,1
1048,302.14,79,0,0,1,2,0,1,0,0,1
1049,301.11,77,0,0,0,0,0,0,1,0,0
1050,300.39,76,0,1,0,1,0,0,0,0,0
1051,299.89,79,0,0,3,0,0,0,0,0,0
1052,299.9,81,0,0,5,0,7,0,1,1,0
1053,300.04,83,0,0,4,2,5,0,3,0,2
1054,299.92,83,0,2,1,2,4,1,3,2,0
1055,298.81,88,3,0,2,7,1,1,3,3,2
1056,302.88,73,1,2,3,3,0,1,0,1,3
1057,302.9,73,0,2,1,2,3,3,0,0,3
1058,304.24,65,1,2,1,2,2,1,0,1,1
1059,304.01,59,0,0,0,1,1,2,1,3,1
1060,304.86,53,1,0,1,2,1,0,2,2,1
1061,304.66,55,3,3,2,0,2,1,0,0,1
1062,305.43,53,1,2,1,0,2,1,1,1,1
1063,305.43,51,0,3,1,2,2,1,6,2,1
1064,305.21,50,2,1,4,0,5,2,5,3,4
1065,305.76,49,3,1,1,3,3,2,5,7,12
1066,305.01,52,0,2,5,1,3,2,2,3,9
1067,303.81,62,3,1,3,0,7,4,0,4,8
1068,303.2,68,3,1,3,5,1,2,0,4,4
1069,303.2,68,1,4,2,7,0,6,3,1,0
1070,302.56,74,2,1,2,5,1,2,1,0,0
1071,302.0,85,1,1,0,1,1,4,0,1,0
1072,302.14,83,0,2,0,1,0,2,2,0,0
1073,301.03,88,1,0,0,2,1,0,0,0,0
1074,301.74,81,0,0,0,1,0,0,0,0,0
1075,301.11,83,0,0,0,0,0,0,0,0,0
1076,300.46,86,0,0,2,0,2,0,1,0,0
1077,300.46,86,0,0,1,0,6,0,2,0,2
1078,298.81,94,0,1,3,2,6,0,2,2,3
1079,299.92,88,1,0,1,2,4,0,1,1,1
1080,300.12,83,1,0,1,2,0,4,0,1,2
1081,297.49,89,1,3,0,1,4,3,1,2,3
1082,296.83,94,2,1,2,1,1,0,1,2,2
1083,297.72,90,0,2,0,0,1,1,0,2,1
1084,297.77,94,1,1,1,0,1,0,2,2,2
1085,297.79,92,4,0,0,2,1,0,0,3,2
1086,299.07,89,1,1,4,0,1,0,3,3,0
1087,299.62,81,1,3,2,5,1,1,5,6,1
1088,299.96,79,1,3,3,1,3,1,3,3,3
1089,299.81,80,2,2,2,4,1,1,5,5,4
1090,299.19,83,3,2,2,9,3,2,2,1,1
1091,298.22,88,1,1,2,4,3,7,7,5,8
1092,298.47,87,3,4,1,2,4,7,2,6,2
1093,298.61,88,0,4,0,1,2,5,1,3,2
1094,299.01,86,1,0,0,2,1,4,1,1,1
1095,298.98,86,0,0,2,1,1,1,1,1,0
1096,298.81,83,0,0,0,3,0,5,0,0,1
1097,298.61,86,0,1,0,1,0,0,0,0,0
1098,298.61,86,0,0,0,1,0,1,0,0,0
1099,298.61,86,0,0,0,1,1,0,0,0,0
1100,297.14,94,0,0,2,0,4,0,1,1,1
1101,297.72,90,0,0,8,1,3,0,0,3,3
1102,297.56,92,0,0,4,3,8,1,1,2,2
1103,298.67,86,1,0,0,3,3,2,3,1,1
1104,298.67,86,1,0,3,2,0,2,2,2,0
1105,298.95,88,3,3,1,2,1,3,3,3,2
1106,300.43,77,1,2,1,1,1,4,1,1,1
1107,301.48,75,2,0,2,0,4,3,1,5,5
1108,302.12,71,4,2,1,3,4,1,1,2,4
1109,302.16,70,3,0,0,5,2,1,0,4,1
1110,303.52,63,2,0,2,5,1,2,2,1,4
1111,303.18,67,0,3,3,1,9,2,3,3,7
1112,303.58,63,1,0,2,4,7,2,4,4,4
1113,302.9,63,5,1,6,3,3,4,7,5,4
1114,302.19,70,3,0,6,2,1,4,6,2,5
1115,301.16,69,6,3,7,5,4,6,3,8,9
1116,300.07,72,4,5,4,5,5,7,7,5,4
1117,299.92,74,2,1,1,6,2,11,2,5,8
1118,299.42,76,0,1,0,3,4,7,2,2,4
1119,299.42,76,1,1,1,4,4,6,0,1,0
1120,299.42,80,0,1,1,3,1,8,4,3,0
1121,299.01,81,0,0,2,2,2,1,1,1,4
1122,299.01,81,1,1,3,0,2,2,1,1,1
1123,299.01,83,0,0,0,0,0,0,0,0,0
1124,299.01,81,0,0,1,2,1,0,0,0,0
1125,299.01,81,0,0,1,1,3,1,0,0,2
1126,298.81,83,1,0,2,1,5,0,2,2,0
1127,299.01,81,2,0,2,0,1,1,2,3,3
1128,299.05,83,1,1,2,4,7,3,3,1,1
1129,299.34,82,0,4,6,3,1,1,8,0,1
1130,300.38,77,2,4,6,3,2,0,0,2,6
1131,301.79,73,4,4,1,0,5,5,2,2,6
1132,302.1,70,4,2,1,0,5,2,2,1,1
1133,303.18,67,5,1,1,3,2,5,3,2,4
1134,303.18,68,2,2,4,2,7,2,4,4,7
1135,303.91,62,1,2,2,1,6,3,0,1,2
1136,303.27,66,2,1,4,5,2,6,5,5,3
1137,301.91,74,2,2,2,4,3,4,6,3,5
1138,302.19,74,6,2,5,3,3,7,0,2,4
1139,301.43,71,5,5,2,2,6,5,4,9,14
1140,300.38,77,1,1,6,3,7,5,7,4,8
1141,300.42,78,3,2,6,3,4,5,5,4,4
1142,300.38,78,2,0,2,6,0,5,1,4,1
1143,300.42,78,1,1,1,1,2,5,3,6,2
1144,300.04,78,1,3,1,5,1,3,0,1,0
1145,299.42,83,0,1,0,3,3,1,0,1,1
1146,299.42,84,0,0,0,4,2,1,0,0,1
1147,299.01,85,0,1,0,1,0,0,0,3,0
1148,299.01,86,0,0,0,1,1,1,0,0,1
1149,299.01,86,0,0,1,1,3,0,0,1,0
1150,299.32,85,0,0,0,2,3,1,2,0,0
1151,299.34,83,1,0,2,3,2,0,2,1,2
1152,299.51,71,1,1,4,1,4,4,4,7,3
1153,300.39,80,0,0,3,0,1,0,2,1,2
1154,301.2,76,0,1,4,5,4,3,4,4,1
1155,301.43,75,3,4,2,6,3,1,4,0,4
1156,301.07,78,2,1,3,3,5,3,0,2,3
1157,301.07,78,3,4,1,2,2,3,1,4,1
1158,302.1,71,3,4,4,1,0,1,4,2,3
1159,301.91,72,4,3,1,2,4,4,3,4,1
1160,302.71,70,3,4,3,2,5,8,3,6,7
1161,301.46,74,2,3,4,4,3,3,6,7,4
1162,301.41,72,3,1,5,1,4,5,6,3,4
1163,300.71,72,5,2,8,5,4,5,5,4,4
1164,299.84,79,0,2,4,7,4,7,4,7,6
1165,299.51,80,1,0,3,10,2,2,3,1,1
1166,299.42,80,2,2,0,5,0,6,0,3,2
1167,299.42,80,1,1,2,1,1,4,1,2,3
1168,299.42,78,0,1,1,1,0,1,0,1,0
1169,299.42,80,0,0,0,0,2,0,0,0,0
1170,299.01,81,0,0,0,0,0,2,0,1,0
1171,299.01,83,0,0,1,0,2,0,0,0,0
1172,299.01,83,0,0,2,0,2,0,1,1,0
1173,299.01,83,1,0,0,1,1,0,0,0,1
1174,298.25,88,0,1,1,4,2,1,2,1,2
1175,298.95,83,0,0,2,2,2,2,4,0,5
1176,299.34,81,2,1,2,2,1,2,0,0,4
1177,299.92,78,3,2,1,1,5,1,0,1,1
1178,301.58,71,1,2,0,0,3,3,0,1,1
1179,302.45,67,1,0,0,0,0,2,1,1,1
1180,302.5,64,2,0,2,0,1,1,4,3,1
1181,302.16,65,4,1,1,2,2,0,1,2,3
1182,303.18,61,1,1,2,0,3,2,1,3,1
1183,303.63,61,3,1,3,1,1,1,3,1,1
1184,303.4,59,0,0,0,2,1,2,0,6,4
1185,302.82,60,3,0,1,1,5,2,8,5,3
1186,302.19,65,5,1,7,5,3,6,3,0,1
1187,301.07,69,4,1,2,4,3,4,4,3,10
1188,300.88,69,4,2,3,1,5,9,3,5,6
1189,300.46,72,2,0,1,3,5,5,2,1,2
1190,300.06,76,2,1,1,4,1,6,2,2,2
1191,300.04,78,0,0,0,2,2,2,1,1,0
1192,298.81,83,0,2,0,1,0,1,0,0,0
1193,299.43,81,0,0,0,1,0,1,0,0,0
1194,299.42,81,0,0,0,0,0,0,0,0,0
1195,299.42,81,0,0,0,0,1,0,0,0,0
1196,299.01,83,1,0,4,0,1,0,1,0,0
1197,299.01,83,0,0,6,0,4,0,2,1,1
1198,298.81,83,0,0,3,1,1,0,4,3,4
1199,298.81,83,2,1,1,3,1,0,2,1,3
1200,299.42,81,1,3,0,4,1,4,1,2,3
1201,300.78,77,1,1,2,2,2,1,3,1,1
1202,302.15,70,0,2,5,0,4,0,0,0,3
1203,303.61,63,1,0,1,1,0,1,5,3,2
1204,303.9,66,2,2,1,1,1,2,3,1,3
1205,303.22,70,1,3,1,3,2,1,1,2,2
1206,304.41,62,3,0,2,3,4,1,4,0,1
1207,303.55,65,4,2,1,1,1,4,4,0,3
1208,303.63,65,2,0,3,3,4,1,2,2,7
1209,303.27,65,0,2,2,0,2,2,2,3,0
1210,302.14,70,2,2,2,0,2,4,3,4,3
1211,301.55,68,4,4,1,1,1,0,4,4,6
1212,300.95,73,4,2,1,4,2,3,2,3,3
1213,300.46,75,3,2,1,5,1,3,1,1,3
1214,300.46,76,0,2,1,2,2,5,1,1,1
1215,300.06,78,0,1,0,1,0,0,1,0,0
1216,299.92,78,1,1,0,3,1,1,1,0,0
1217,300.06,78,2,0,0,0,0,1,0,0,0
1218,299.49,81,0,0,0,0,0,0,0,0,0
1219,299.9,79,0,0,0,0,2,1,0,0,0
1220,299.01,83,0,0,7,0,2,0,0,1,1
1221,299.42,81,0,0,5,0,7,0,2,1,0
1222,299.01,83,0,1,4,1,3,1,0,1,2
1223,299.42,81,2,1,1,2,2,1,2,3,3
1224,299.51,83,3,2,0,0,2,1,3,1,1
1225,300.59,79,0,2,3,1,1,4,3,2,0
1226,301.45,77,0,0,2,0,2,0,1,0,1
1227,302.16,76,0,1,1,1,0,2,1,1,3
1228,301.19,78,1,0,1,3,0,2,1,1,2
1229,303.91,68,2,2,2,0,2,3,1,1,0
1230,303.93,64,2,2,2,1,0,2,1,2,1
1231,303.99,64,2,2,2,1,3,1,1,2,2
1232,303.22,70,1,0,5,2,1,0,4,2,3
1233,302.9,68,2,4,3,3,0,4,12,4,7
1234,302.13,70,5,3,3,3,5,4,9,2,3
1235,301.03,74,3,1,7,2,7,3,8,6,4
1236,300.55,75,4,2,1,4,5,5,4,2,4
1237,300.46,75,1,7,0,3,1,6,0,4,1
1238,299.9,78,1,0,1,1,1,0,0,2,0
1239,299.9,78,1,0,1,1,2,3,0,0,1
1240,298.81,83,0,1,0,2,1,1,0,0,0
1241,299.01,83,0,0,1,0,0,2,0,0,0
1242,299.01,83,0,0,0,1,0,0,0,0,0
1243,299.01,83,0,0,0,0,0,0,0,0,0
1244,298.98,83,0,0,2,0,2,0,0,0,0
1245,299.01,83,0,0,6,1,2,0,2,0,0
1246,299.01,83,1,1,6,0,2,0,3,4,2
1247,298.81,83,2,1,4,2,1,3,1,3,1
1248,299.41,82,1,2,0,6,1,2,2,0,1
1249,300.66,78,2,0,4,3,0,2,3,1,2
1250,302.16,74,0,0,1,2,0,1,2,0,2
1251,303.61,66,1,0,1,0,2,3,1,0,2
1252,304.14,64,2,1,1,1,0,2,2,0,2
1253,304.14,63,1,3,1,0,5,1,2,1,3
1254,304.36,62,3,1,1,0,1,2,0,1,3
1255,303.94,66,0,2,1,0,4,3,1,1,6
1256,303.76,64,0,0,3,1,9,2,3,2,3
1257,302.82,62,2,2,1,1,4,2,4,7,5
1258,302.15,62,2,2,3,2,2,7,1,7,1
1259,301.41,67,4,2,3,1,1,6,8,5,5
1260,300.82,74,1,2,4,5,2,6,2,4,6
1261,300.29,75,3,3,2,4,1,3,2,1,3
1262,300.09,78,2,1,1,6,3,7,1,5,1
1263,300.09,78,0,3,1,1,1,1,0,0,1
1264,300.01,83,0,1,0,0,1,1,1,1,0
1265,299.84,82,0,0,0,1,1,0,0,0,0
1266,299.34,84,0,0,0,0,0,0,0,0,0
1267,299.42,84,0,0,1,0,1,0,0,0,0
1268,299.42,84,0,0,4,1,3,0,1,1,1
1269,299.01,86,0,0,3,1,3,0,3,2,3
1270,299.05,86,0,0,8,4,2,1,2,2,2
1271,299.05,89,0,0,3,7,2,1,1,3,1
1272,299.51,86,0,1,0,3,1,4,0,4,2
1273,301.13,78,0,2,1,2,0,0,2,3,3
1274,302.45,74,4,0,1,2,3,1,1,1,1
1275,303.63,68,3,1,4,1,5,6,5,1,5
1276,303.91,65,0,1,4,3,5,4,4,2,2
1277,302.29,75,1,3,2,3,1,1,1,2,4
1278,304.16,63,4,1,1,4,4,1,4,2,1
1279,302.6,73,0,3,9,0,3,3,7,4,3
1280,301.47,78,2,0,7,2,2,1,4,4,4
1281,299.47,89,1,1,3,4,5,1,4,6,5
1282,299.02,91,2,1,1,5,5,4,5,7,2
1283,298.68,92,6,3,4,4,6,4,9,11,8
1284,298.4,92,3,1,5,4,3,2,4,7,5
1285,298.18,93,5,1,2,6,4,2,8,6,5
1286,298.81,89,0,3,4,6,3,9,4,8,2
1287,298.89,89,1,1,4,7,2,2,0,1,1
1288,299.01,89,0,0,1,6,0,4,0,2,3
1289,298.77,91,1,0,2,3,0,1,4,0,1
1290,298.39,92,1,0,2,2,2,2,1,0,1
1291,298.2,94,0,0,0,4,1,1,0,1,0
1292,298.64,91,0,0,1,1,1,0,0,0,0
1293,298.88,90,0,0,3,0,0,0,2,1,0
1294,298.88,90,0,1,5,2,4,2,0,3,2
1295,298.88,90,2,0,1,3,3,2,3,1,3
1296,299.05,89,3,2,7,0,3,4,1,0,1
1297,299.1,88,1,5,1,3,0,1,1,5,0
1298,302.11,77,5,3,2,2,0,1,6,2,2
1299,302.83,73,5,1,5,4,3,2,6,5,2
1300,303.44,72,1,6,5,2,2,3,1,2,1
1301,303.42,73,7,4,2,1,1,1,4,3,2
1302,300.82,85,2,2,7,4,5,2,7,6,4
1303,299.16,91,1,1,6,2,4,4,2,4,1
1304,300.25,87,5,3,2,4,3,0,3,7,5
1305,300.05,89,4,1,3,4,2,2,5,5,3
1306,300.03,88,5,2,3,4,3,11,4,5,2
1307,299.79,90,4,2,6,3,3,9,14,5,9
1308,299.38,92,4,3,7,5,6,6,8,5,4
1309,299.78,90,2,4,4,3,1,3,4,5,4
1310,299.22,90,4,2,0,9,5,6,1,3,4
1311,299.05,90,4,1,2,6,3,6,2,1,6
1312,299.05,89,0,3,1,4,4,4,0,1,1
1313,299.34,87,1,0,3,2,1,4,1,0,1
1314,299.05,89,0,1,2,0,1,0,1,1,0
1315,299.05,89,1,1,0,1,1,1,0,0,3
1316,299.05,89,0,0,1,0,2,1,1,1,0
1317,298.81,90,1,0,3,2,3,0,0,0,1
1318,298.88,89,0,0,3,1,1,0,0,4,0
1319,298.6,92,0,1,2,0,0,1,2,0,1
1320,299.05,90,1,0,4,4,5,0,3,3,7
1321,299.41,87,0,0,1,2,6,2,2,1,1
1322,299.58,85,2,3,4,2,3,3,1,3,4
1323,300.11,82,4,2,3,1,2,3,4,3,0
1324,300.8,79,4,5,5,2,1,3,3,1,2
1325,302.13,73,3,6,2,2,2,5,1,4,4
1326,301.43,71,5,2,0,2,2,2,3,8,2
1327,300.91,75,4,2,4,2,4,5,1,3,4
1328,300.59,79,3,1,5,2,1,3,7,5,6
1329,300.05,80,4,3,3,3,5,2,4,5,7
1330,300.01,78,5,5,4,5,7,2,4,7,3
1331,299.84,81,3,4,4,5,10,4,4,2,4
1332,299.78,85,4,2,4,5,5,5,6,6,7
1333,299.38,87,1,0,2,5,1,3,1,4,1
1334,299.03,89,1,0,0,5,1,10,2,1,3
1335,299.03,89,1,2,1,2,0,2,3,0,2
1336,298.95,88,0,0,0,3,0,3,0,2,1
1337,299.05,86,1,0,2,1,0,1,0,0,0
1338,298.88,87,0,0,0,0,0,1,0,0,1
1339,298.88,87,0,0,2,0,1,1,0,0,0
1340,298.61,88,0,0,2,2,4,2,0,1,1
1341,298.54,86,0,0,1,0,2,1,1,2,0
1342,298.54,86,0,1,2,5,2,1,2,2,1
1343,298.47,88,0,1,2,2,1,1,5,1,0
1344,299.05,85,2,1,1,3,0,4,4,3,0
1345,299.44,87,2,1,5,0,0,4,1,2,1
1346,299.99,84,0,2,3,0,0,1,1,1,1
1347,301.13,77,1,0,0,2,2,0,1,0,1
1348,302.2,73,3,0,1,1,0,1,1,2,3
1349,301.82,73,3,2,2,3,1,0,3,1,2
1350,302.38,71,3,1,3,1,2,5,1,2,3
1351,302.13,68,2,0,1,0,1,1,1,2,1
1352,302.16,66,4,2,1,0,5,1,4,6,6
1353,301.53,69,3,3,5,2,4,3,3,4,5
1354,300.5,71,3,0,3,6,1,4,1,9,0
1355,300.38,73,2,3,3,4,3,5,10,5,3
1356,299.78,77,3,1,5,0,4,2,6,6,5
1357,299.51,79,3,5,5,7,2,2,2,2,1
1358,299.51,80,0,1,1,5,1,5,2,1,2
1359,299.51,81,0,2,2,2,1,2,0,1,1
1360,298.95,83,1,0,0,1,0,1,0,0,0
1361,299.67,80,0,0,0,0,0,2,0,0,0
1362,299.34,82,0,0,0,0,0,0,0,0,0
1363,299.05,83,0,0,1,0,0,0,0,0,0
1364,299.01,83,0,0,1,0,1,0,0,0,0
1365,299.01,83,0,0,4,0,3,1,1,0,1
1366,299.34,82,0,0,1,3,4,1,4,4,3
1367,299.34,82,1,0,1,2,2,4,3,1,1
1368,299.34,82,1,4,1,5,0,1,3,0,2
1369,300.58,76,2,0,2,2,1,0,1,1,1
1370,301.59,72,2,0,4,0,1,0,3,2,0
1371,302.16,70,1,1,0,1,3,1,2,1,3
1372,303.16,70,2,0,1,1,3,1,3,1,1
1373,303.18,68,5,4,2,0,1,1,2,4,2
1374,304.75,59,1,3,4,1,3,1,1,1,0
1375,303.18,66,2,0,1,0,0,1,3,2,0
1376,303.7,61,1,1,4,2,0,2,7,4,2
1377,303.32,64,2,1,2,6,1,2,0,0,3
1378,303.22,65,0,2,2,4,4,6,3,3,4
1379,302.13,65,1,2,1,2,5,0,6,3,4
1380,301.41,73,4,2,2,2,2,2,3,5,3
1381,300.55,76,4,1,1,2,1,3,3,0,1
1382,300.09,78,0,2,2,0,3,3,1,1,1
1383,300.07,80,1,0,0,4,0,4,0,1,0
1384,300.07,81,0,0,1,0,0,2,0,0,0
1385,299.78,81,0,0,0,0,0,0,0,1,0
1386,299.51,82,0,0,0,3,0,1,0,0,0
1387,299.34,82,0,0,2,0,0,0,0,0,0
1388,298.95,83,0,0,2,1,1,0,1,1,1
1389,299.05,83,0,0,7,1,2,0,0,1,1
1390,298.95,83,0,0,3,2,0,1,2,1,1
1391,299.0,83,0,1,2,2,1,2,3,4,3
1392,299.51,81,1,0,2,0,0,4,1,0,1
1393,300.43,77,0,2,1,1,1,1,0,2,2
1394,301.58,72,1,3,2,2,3,1,1,2,0
1395,303.0,68,1,1,0,1,0,0,3,3,1
1396,303.47,66,0,2,0,3,1,4,2,2,1
1397,304.33,63,1,1,2,1,1,2,0,1,1
1398,303.94,70,3,0,0,1,2,0,1,0,2
1399,301.88,79,3,2,3,2,3,0,2,4,2
1400,301.9,76,3,2,1,0,3,1,3,4,2
1401,301.84,80,2,5,0,3,2,2,7,3,4
1402,302.13,74,2,1,5,6,4,1,3,5,2
1403,301.46,75,3,1,7,1,3,4,4,6,6
1404,301.17,75,5,1,5,3,1,3,4,0,2
1405,300.38,77,2,6,1,4,1,5,1,3,4
1406,300.14,77,0,3,1,4,2,4,0,1,2
1407,300.05,80,0,2,2,1,0,2,1,2,0
1408,300.03,83,1,0,1,1,1,1,0,0,0
1409,299.51,83,0,1,0,1,0,3,0,0,0
1410,299.76,82,0,1,0,0,0,2,0,0,0
1411,299.34,84,0,0,0,0,1,0,0,0,0
1412,299.22,83,0,0,2,0,0,0,0,0,0
1413,298.98,83,0,0,2,0,2,0,0,3,0
1414,299.05,83,1,0,2,2,6,0,2,2,4
1415,300.01,78,1,0,1,4,3,0,1,2,3
1416,298.95,83,0,1,1,2,2,0,1,1,0
1417,301.07,74,2,2,0,0,0,1,2,3,1
1418,302.12,70,1,1,0,2,1,0,2,2,0
1419,303.61,65,0,0,2,1,0,1,2,1,0
1420,303.9,62,2,0,0,2,0,2,2,2,0
1421,303.2,66,1,4,5,5,0,0,3,3,1
1422,303.95,66,4,0,1,1,1,0,3,2,1
1423,304.59,63,0,2,4,2,1,1,6,2,1
1424,304.86,61,2,1,9,2,2,1,3,7,2
1425,304.58,62,3,1,4,3,1,1,5,6,7
1426,304.13,62,3,3,2,3,5,2,1,6,7
1427,302.91,67,2,2,1,4,4,10,5,3,5
1428,301.91,72,3,2,2,3,6,7,6,7,4
1429,301.98,75,3,5,1,3,1,4,3,1,1
1430,301.11,78,2,1,3,3,0,8,1,1,5
1431,301.11,78,0,1,1,0,1,1,1,0,0
1432,301.07,78,2,0,1,2,0,1,0,0,1
1433,300.41,87,0,0,1,3,0,1,0,0,0
1434,298.54,92,1,0,0,1,1,0,0,0,0
1435,300.07,85,0,0,1,1,1,0,0,0,0
1436,299.25,91,0,1,3,0,4,0,1,1,1
1437,299.27,90,0,0,3,1,7,2,3,1,2
1438,298.65,91,1,1,2,1,3,1,2,4,2
1439,298.68,85,0,1,2,6,2,1,1,0,3
1440,299.32,83,0,0,1,4,2,2,2,1,4
1441,300.07,81,0,3,0,2,1,0,3,6,3
1442,302.12,77,1,1,3,2,3,1,1,4,1
1443,301.16,78,2,1,5,3,3,0,5,1,1
1444,301.53,76,1,2,5,4,4,0,2,1,2
1445,302.88,75,4,5,1,1,0,2,4,3,2
1446,303.54,71,4,3,4,3,2,2,1,1,2
1447,302.71,75,2,2,3,0,4,2,3,1,4
1448,302.32,74,2,0,2,2,5,2,4,4,4
1449,302.12,74,2,2,5,2,4,2,5,4,6
1450,301.07,78,4,2,5,5,4,4,2,2,7
1451,300.76,78,1,3,6,4,6,5,8,2,11
1452,301.11,78,5,3,3,2,6,5,5,9,7
1453,301.07,78,2,2,4,0,7,4,5,2,6
1454,298.54,94,1,2,3,3,6,6,2,4,8
1455,298.48,92,1,1,2,1,3,5,1,1,1
1456,298.68,88,0,3,0,3,2,4,3,2,2
1457,298.42,93,0,0,0,2,4,3,1,1,0
1458,298.47,94,2,0,2,0,1,0,1,0,0
1459,298.47,93,0,0,1,0,0,0,0,0,1
1460,298.72,91,0,1,1,1,2,0,0,2,0
1461,299.21,86,0,0,0,3,3,0,0,2,1
1462,298.95,83,1,1,4,2,0,0,2,4,3
1463,298.97,88,1,0,3,4,3,0,3,1,1
1464,299.83,89,0,0,3,5,2,0,1,1,0
1465,301.71,76,1,0,0,2,4,4,0,2,5
1466,302.19,75,2,1,0,1,2,0,2,3,2
1467,302.16,74,3,4,3,2,1,6,2,1,5
1468,300.16,83,0,2,2,3,4,4,1,2,2
1469,303.52,70,3,0,1,1,2,7,2,4,3
1470,303.6,70,2,2,5,2,4,2,4,0,6
1471,303.65,63,3,1,4,1,4,4,1,2,4
1472,303.73,64,5,1,3,2,4,3,5,11,7
1473,303.47,66,3,3,2,1,3,5,3,9,5
1474,303.12,70,6,2,3,7,5,7,2,6,5
1475,301.74,79,0,3,3,5,3,3,9,3,5
1476,300.85,79,6,1,6,4,9,7,4,6,5
1477,298.24,100,3,1,1,1,6,8,4,6,5
1478,298.22,97,1,1,5,6,4,9,4,4,3
1479,297.5,100,1,2,3,7,2,4,6,4,1
1480,298.19,94,2,2,4,6,0,1,1,0,1
1481,298.19,94,1,0,1,7,1,2,1,1,0
1482,297.54,94,1,0,1,2,0,1,0,1,1
1483,297.15,96,0,1,1,2,2,0,3,0,0
1484,297.16,97,0,1,2,1,1,0,0,0,1
1485,297.76,94,0,0,3,0,0,1,1,1,0
1486,298.2,88,0,0,1,3,4,0,0,0,4
1487,298.2,94,0,3,0,1,2,0,1,2,0
1488,298.22,91,1,1,5,0,2,2,7,3,3
1489,299.67,85,1,2,6,1,1,0,1,3,1
1490,301.06,78,1,3,3,4,2,0,4,3,3
1491,302.82,72,2,5,2,3,2,0,0,5,3
1492,302.48,71,2,5,1,0,2,2,2,2,1
1493,302.5,69,3,0,2,6,2,2,4,5,4
1494,303.5,65,3,3,2,4,2,5,2,3,8
1495,303.86,63,3,2,4,3,3,3,4,2,3
1496,303.86,62,2,2,1,4,5,6,6,2,5
1497,303.52,61,4,1,5,4,5,5,7,4,5
1498,303.19,62,4,1,7,0,5,7,3,5,7
1499,302.15,70,3,3,10,2,5,4,4,3,2
1500,301.46,75,4,1,5,3,5,4,7,10,6
1501,301.12,77,3,4,1,2,2,9,1,2,4
1502,300.14,81,1,2,1,7,3,7,3,3,1
1503,299.34,82,1,1,0,5,1,7,2,1,0
1504,298.2,88,2,1,0,2,0,2,1,1,2
1505,298.47,87,0,2,0,0,0,3,0,1,0
1506,298.19,88,1,0,0,1,2,1,1,2,0
1507,298.61,86,0,0,1,3,0,0,0,1,0
1508,298.47,87,0,1,4,1,5,1,1,1,1
1509,298.47,87,0,0,2,1,2,0,0,1,2
1510,298.47,87,1,0,2,3,3,2,1,4,2
1511,298.47,87,0,3,1,4,0,0,0,4,1
1512,298.65,86,1,0,0,3,0,2,0,1,3
1513,299.59,80,1,1,0,2,2,0,1,0,2
1514,300.55,81,1,2,0,2,1,2,1,1,1
1515,301.5,75,1,0,2,3,3,0,1,0,0
1516,302.84,70,1,0,0,1,1,1,3,5,2
1517,303.59,65,3,0,1,1,0,0,2,1,1
1518,303.86,65,1,0,2,0,0,5,3,1,2
1519,304.02,59,6,1,1,2,2,3,1,3,2
1520,304.32,56,2,4,5,2,6,5,6,4,6
1521,303.13,66,4,0,4,3,4,2,5,5,4
1522,302.21,73,3,1,1,2,0,5,0,2,9
1523,302.13,79,3,1,3,1,7,2,3,2,5
1524,301.11,78,4,1,4,2,5,3,5,5,6
1525,300.13,83,4,0,2,6,2,8,1,2,2
1526,300.31,83,1,4,1,7,1,2,2,1,1
1527,299.78,85,0,0,1,1,0,3,1,2,1
1528,298.95,88,1,1,0,0,0,1,0,0,0
1529,299.03,89,0,0,0,2,0,1,0,0,0
1530,299.03,89,0,0,0,0,0,1,0,0,0
1531,298.74,90,0,0,0,0,0,0,0,1,0
1532,298.54,92,0,0,1,0,3,0,0,1,0
1533,298.83,91,0,0,3,3,2,0,1,4,0
1534,299.03,89,0,0,4,3,5,0,3,1,4
1535,298.74,90,1,0,2,2,2,1,1,0,1
1536,299.67,85,2,1,0,2,0,2,2,0,0
1537,300.76,81,1,1,1,1,1,3,1,1,1
1538,302.12,76,0,2,1,0,1,3,0,1,2
1539,302.16,74,0,1,3,0,0,2,3,1,1
1540,303.19,70,1,4,3,1,1,1,1,1,1
1541,304.33,65,3,0,1,0,0,2,2,1,4
1542,304.4,62,2,1,3,1,2,2,0,2,1
1543,304.35,67,2,1,0,1,6,3,0,2,2
1544,304.04,66,1,1,0,1,4,2,2,6,4
1545,304.0,70,3,1,1,3,2,0,3,0,0
1546,302.38,78,6,4,4,5,2,5,4,2,3
1547,301.11,80,2,1,5,2,2,7,4,3,3
1548,300.36,85,5,3,2,2,0,2,3,3,5
1549,300.09,86,0,5,1,1,4,6,1,4,0
1550,300.09,86,1,2,3,3,0,4,1,2,1
1551,300.07,85,0,2,0,3,0,3,0,0,1
1552,299.78,87,0,0,0,2,3,2,0,1,0
1553,299.62,88,1,0,0,0,0,0,0,0,1
1554,299.62,88,0,0,0,0,1,0,0,0,0
1555,299.62,87,0,0,0,0,1,0,0,0,0
1556,299.62,88,0,0,1,0,2,1,1,1,1
1557,299.05,91,0,0,2,1,2,0,1,2,1
1558,299.38,89,0,1,0,2,0,0,1,4,1
1559,299.03,89,3,0,1,4,1,1,3,1,4
1560,299.51,89,0,0,0,4,2,0,1,1,0
1561,301.0,83,0,2,1,2,1,1,2,0,2
1562,301.0,82,1,0,3,3,3,0,0,4,2
1563,301.78,80,3,1,0,0,1,1,1,2,3
1564,302.16,79,1,1,1,0,1,2,1,0,2
1565,303.07,69,5,0,1,1,2,2,1,0,1
1566,303.91,65,2,0,2,2,0,1,2,1,0
1567,303.52,66,1,3,3,2,3,0,2,2,4
1568,304.09,65,5,1,3,1,6,3,2,1,4
1569,303.95,65,5,2,2,1,1,1,4,4,3
1570,302.25,79,3,3,4,1,3,9,2,3,5
1571,300.95,78,3,6,3,0,4,1,6,5,6
1572,300.42,80,8,1,1,5,4,2,2,4,0
1573,299.38,87,0,2,1,4,1,4,4,2,3
1574,299.38,87,2,1,2,2,1,5,2,1,1
1575,299.38,87,3,0,0,0,1,2,0,3,2
1576,299.38,89,0,1,1,0,0,2,0,2,0
1577,299.38,90,0,0,0,1,0,1,0,0,0
1578,299.03,89,0,0,0,0,0,0,0,0,0
1579,298.95,88,0,0,1,1,0,1,0,0,0
1580,298.81,88,0,0,0,1,2,0,0,0,0
1581,298.95,88,0,1,2,0,4,0,0,0,3
1582,298.95,88,0,0,6,1,2,0,4,0,2
1583,298.95,88,0,2,3,3,0,1,3,1,2
1584,298.95,88,0,0,2,3,2,0,0,0,1
1585,300.01,83,7,1,0,1,1,4,1,1,3
1586,301.07,78,2,1,1,1,2,0,0,2,2
1587,301.07,78,0,1,0,0,5,0,0,0,1
1588,301.07,78,3,1,0,1,1,1,0,0,2
1589,302.13,70,1,0,0,2,2,1,1,1,3
1590,301.07,78,0,1,1,0,2,1,1,1,2
1591,302.13,79,4,6,1,0,3,1,1,1,2
1592,302.13,74,1,2,2,1,3,2,2,2,7
1593,301.07,83,3,2,1,2,4,3,7,10,6
1594,301.07,83,0,3,5,3,3,4,7,7,6
1595,299.85,85,0,0,4,3,3,2,5,4,3
