,177,178,179,180,181,182,183,184,185,186
0,0.0,0.0,0.0,0.0,0.0,0.0,0.0,0.0,0.0,3.0
1,0.0,0.0,0.0,0.0,0.0,0.0,1.0,0.0,0.0,0.0
2,0.0,0.0,0.0,0.0,0.0,0.0,0.0,0.0,0.0,0.0
3,0.0,0.0,0.0,0.0,0.0,0.0,0.0,0.0,0.0,0.0
4,1.0,0.0,0.0,1.0,1.0,0.0,0.0,0.0,0.0,1.0
5,0.0,1.0,0.0,0.0,0.0,0.0,0.0,0.0,1.0,0.0
6,2.0,0.0,1.0,0.0,1.0,2.0,0.0,2.0,1.0,4.0
7,0.0,1.0,1.0,0.0,2.0,2.0,2.0,2.0,0.0,0.0
8,0.0,0.0,0.0,0.0,1.0,4.0,1.0,0.0,1.0,3.0
9,1.0,0.0,0.0,0.0,3.0,1.0,2.0,2.0,1.0,1.0
10,1.0,1.0,1.0,0.0,0.0,2.0,0.0,1.0,0.0,1.0
11,2.0,0.0,1.0,0.0,3.0,1.0,1.0,0.0,0.0,2.0
12,0.0,3.0,2.0,0.0,1.0,0.0,2.0,1.0,1.0,0.0
13,0.0,1.0,0.0,0.0,2.0,0.0,0.0,0.0,0.0,0.0
14,0.0,1.0,0.0,3.0,3.0,0.0,1.0,3.0,1.0,0.0
15,0.0,0.0,1.0,0.0,1.0,3.0,0.0,2.0,0.0,0.0
16,1.0,1.0,1.0,0.0,3.0,3.0,3.0,2.0,1.0,3.0
17,2.0,0.0,0.0,0.0,2.0,2.0,0.0,0.0,1.0,0.0
18,2.0,2.0,1.0,0.0,3.0,1.0,3.0,1.0,1.0,2.0
19,0.0,1.0,2.0,1.0,0.0,2.0,1.0,0.0,3.0,3.0
20,1.0,0.0,0.0,2.0,1.0,1.0,0.0,2.0,0.0,4.0
21,1.0,1.0,0.0,1.0,0.0,0.0,1.0,1.0,0.0,1.0
22,2.0,3.0,0.0,1.0,3.0,1.0,0.0,3.0,1.0,4.0
23,0.0,0.0,2.0,1.0,2.0,1.0,1.0,1.0,0.0,0.0
24,1.0,0.0,0.0,1.0,0.0,2.0,2.0,0.0,1.0,3.0
25,0.0,0.0,0.0,0.0,1.0,0.0,1.0,0.0,0.0,1.0
26,0.0,0.0,0.0,0.0,0.0,0.0,1.0,0.0,0.0,0.0
27,0.0,0.0,0.0,0.0,1.0,0.0,1.0,0.0,0.0,0.0
28,0.0,0.0,0.0,0.0,0.0,0.0,1.0,1.0,0.0,0.0
29,0.0,0.0,0.0,1.0,1.0,2.0,1.0,0.0,0.0,0.0
30,1.0,0.0,1.0,0.0,2.0,1.0,0.0,0.0,0.0,2.0
31,1.0,1.0,2.0,1.0,1.0,2.0,1.0,0.0,0.0,1.0
32,2.0,0.0,2.0,1.0,5.0,1.0,0.0,2.0,0.0,3.0
33,2.0,1.0,2.0,0.0,1.0,1.0,2.0,1.0,0.0,1.0
34,1.0,1.0,1.0,1.0,0.0,2.0,2.0,2.0,1.0,0.0
35,0.0,0.0,0.0,0.0,4.0,0.0,2.0,1.0,1.0,2.0
36,0.0,2.0,0.0,0.0,0.0,4.0,1.0,2.0,1.0,4.0
37,0.0,0.0,1.0,1.0,2.0,2.0,2.0,2.0,2.0,5.0
38,0.0,0.0,1.0,1.0,2.0,1.0,1.0,1.0,1.0,2.0
39,0.0,1.0,3.0,3.0,2.0,3.0,0.0,0.0,1.0,3.0
40,0.0,1.0,3.0,0.0,2.0,2.0,1.0,1.0,2.0,1.0
41,3.0,2.0,1.0,1.0,2.0,2.0,2.0,1.0,3.0,4.0
42,1.0,0.0,0.0,0.0,1.0,2.0,1.0,0.0,1.0,6.0
43,0.0,0.0,1.0,0.0,2.0,2.0,3.0,2.0,1.0,7.0
44,0.0,1.0,1.0,2.0,2.0,3.0,2.0,0.0,1.0,3.0
45,1.0,1.0,1.0,1.0,2.0,1.0,3.0,1.0,1.0,4.0
46,1.0,1.0,0.0,0.0,3.0,3.0,0.0,3.0,2.0,1.0
47,1.0,1.0,1.0,0.0,1.0,6.0,1.0,1.0,2.0,2.0
48,0.0,0.0,1.0,0.0,0.0,0.0,0.0,1.0,1.0,3.0
49,1.0,0.0,0.0,0.0,1.0,0.0,1.0,2.0,0.0,2.0
50,0.0,0.0,0.0,1.0,2.0,1.0,1.0,0.0,1.0,1.0
51,0.0,0.0,0.0,0.0,0.0,1.0,0.0,2.0,0.0,0.0
52,0.0,1.0,0.0,0.0,0.0,0.0,0.0,0.0,1.0,1.0
53,0.0,0.0,0.0,0.0,0.0,0.0,0.0,0.0,0.0,0.0
54,0.0,0.0,0.0,0.0,2.0,3.0,1.0,2.0,0.0,1.0
55,0.0,0.0,1.0,0.0,1.0,0.0,1.0,2.0,0.0,2.0
56,1.0,0.0,1.0,1.0,1.0,1.0,0.0,0.0,0.0,4.0
57,2.0,1.0,0.0,0.0,2.0,2.0,1.0,1.0,0.0,3.0
58,0.0,1.0,2.0,2.0,0.0,2.0,2.0,1.0,1.0,3.0
59,2.0,1.0,2.0,1.0,1.0,1.0,4.0,2.0,3.0,4.0
60,0.0,0.0,0.0,3.0,4.0,1.0,3.0,2.0,0.0,2.0
61,0.0,2.0,1.0,0.0,2.0,2.0,2.0,1.0,2.0,0.0
62,1.0,1.0,0.0,0.0,1.0,5.0,2.0,4.0,1.0,1.0
63,2.0,1.0,1.0,4.0,1.0,1.0,4.0,2.0,2.0,4.0
64,1.0,2.0,0.0,0.0,2.0,3.0,1.0,1.0,1.0,3.0
65,1.0,0.0,2.0,1.0,3.0,0.0,4.0,1.0,0.0,3.0
66,2.0,0.0,2.0,0.0,1.0,2.0,2.0,3.0,2.0,4.0
67,0.0,1.0,0.0,0.0,4.0,0.0,1.0,3.0,1.0,1.0
68,2.0,3.0,0.0,1.0,2.0,3.0,2.0,3.0,3.0,2.0
69,1.0,1.0,1.0,1.0,3.0,3.0,3.0,2.0,1.0,5.0
70,4.0,0.0,3.0,0.0,0.0,0.0,3.0,1.0,1.0,2.0
71,0.0,0.0,2.0,0.0,0.0,1.0,1.0,1.0,0.0,5.0
72,1.0,0.0,0.0,0.0,0.0,1.0,0.0,1.0,0.0,0.0
73,1.0,0.0,0.0,1.0,1.0,0.0,0.0,1.0,0.0,0.0
74,0.0,0.0,1.0,0.0,1.0,0.0,0.0,0.0,1.0,2.0
75,0.0,0.0,0.0,0.0,0.0,0.0,0.0,0.0,0.0,0.0
76,0.0,0.0,0.0,0.0,0.0,0.0,0.0,0.0,0.0,0.0
77,1.0,0.0,1.0,1.0,0.0,0.0,0.0,0.0,0.0,1.0
78,1.0,0.0,0.0,0.0,0.0,3.0,0.0,0.0,1.0,0.0
79,0.0,0.0,1.0,0.0,3.0,2.0,3.0,1.0,1.0,5.0
80,1.0,0.0,0.0,1.0,2.0,3.0,1.0,0.0,2.0,1.0
81,0.0,0.0,1.0,0.0,0.0,0.0,1.0,2.0,0.0,1.0
82,1.0,0.0,0.0,0.0,1.0,0.0,0.0,0.0,0.0,2.0
83,0.0,1.0,0.0,0.0,1.0,0.0,2.0,0.0,1.0,1.0
84,0.0,1.0,0.0,0.0,1.0,1.0,1.0,0.0,0.0,1.0
85,0.0,0.0,0.0,0.0,2.0,1.0,0.0,1.0,0.0,1.0
86,0.0,0.0,1.0,0.0,1.0,1.0,1.0,0.0,0.0,2.0
87,0.0,0.0,0.0,0.0,1.0,1.0,0.0,0.0,0.0,0.0
88,0.0,1.0,1.0,0.0,2.0,1.0,0.0,0.0,0.0,2.0
89,1.0,2.0,0.0,0.0,1.0,1.0,1.0,1.0,1.0,3.0
90,0.0,0.0,0.0,2.0,3.0,2.0,4.0,1.0,2.0,4.0
91,1.0,2.0,4.0,1.0,1.0,3.0,5.0,3.0,1.0,1.0
92,1.0,1.0,0.0,2.0,0.0,1.0,1.0,3.0,1.0,0.0
93,0.0,0.0,2.0,1.0,2.0,0.0,0.0,1.0,1.0,4.0
94,3.0,0.0,0.0,0.0,3.0,0.0,1.0,0.0,0.0,1.0
95,0.0,1.0,0.0,0.0,1.0,1.0,1.0,0.0,1.0,1.0
96,1.0,1.0,0.0,0.0,2.0,0.0,1.0,0.0,0.0,1.0
97,0.0,1.0,0.0,0.0,2.0,0.0,0.0,0.0,0.0,0.0
98,0.0,0.0,0.0,0.0,0.0,0.0,0.0,0.0,0.0,1.0
99,0.0,0.0,0.0,0.0,0.0,0.0,0.0,0.0,0.0,0.0
100,0.0,0.0,0.0,0.0,1.0,0.0,0.0,0.0,0.0,0.0
101,0.0,0.0,0.0,0.0,0.0,0.0,0.0,0.0,0.0,1.0
102,1.0,0.0,1.0,0.0,0.0,1.0,0.0,1.0,1.0,2.0
103,0.0,0.0,0.0,0.0,1.0,2.0,2.0,2.0,2.0,2.0
104,0.0,2.0,0.0,0.0,1.0,2.0,0.0,0.0,0.0,0.0
105,1.0,0.0,0.0,0.0,4.0,0.0,0.0,1.0,0.0,2.0
106,0.0,1.0,0.0,1.0,2.0,3.0,2.0,1.0,0.0,1.0
107,1.0,0.0,0.0,0.0,2.0,0.0,2.0,1.0,0.0,2.0
108,2.0,0.0,0.0,0.0,1.0,0.0,0.0,0.0,0.0,2.0
109,0.0,0.0,0.0,0.0,1.0,1.0,0.0,1.0,0.0,2.0
110,0.0,0.0,0.0,0.0,0.0,1.0,0.0,0.0,1.0,1.0
111,1.0,1.0,0.0,0.0,0.0,3.0,1.0,0.0,1.0,0.0
112,0.0,0.0,0.0,1.0,1.0,3.0,1.0,1.0,0.0,1.0
113,1.0,1.0,1.0,0.0,3.0,2.0,1.0,2.0,1.0,0.0
114,0.0,0.0,1.0,2.0,1.0,3.0,1.0,2.0,3.0,1.0
115,1.0,0.0,1.0,0.0,0.0,2.0,3.0,2.0,0.0,1.0
116,2.0,0.0,1.0,0.0,1.0,2.0,1.0,2.0,1.0,1.0
117,0.0,1.0,1.0,1.0,5.0,1.0,2.0,2.0,1.0,2.0
118,0.0,3.0,1.0,0.0,0.0,1.0,1.0,1.0,1.0,2.0
119,0.0,0.0,0.0,1.0,2.0,0.0,0.0,0.0,2.0,2.0
120,0.0,0.0,0.0,0.0,1.0,0.0,3.0,0.0,1.0,1.0
121,0.0,0.0,0.0,0.0,0.0,1.0,0.0,0.0,0.0,1.0
122,0.0,0.0,0.0,0.0,1.0,1.0,0.0,0.0,0.0,0.0
123,0.0,0.0,0.0,1.0,0.0,0.0,0.0,1.0,0.0,0.0
124,0.0,0.0,0.0,0.0,1.0,0.0,0.0,1.0,0.0,0.0
125,0.0,0.0,0.0,1.0,0.0,1.0,0.0,0.0,0.0,0.0
126,1.0,0.0,1.0,0.0,2.0,0.0,0.0,0.0,1.0,1.0
127,1.0,0.0,2.0,0.0,1.0,3.0,0.0,0.0,1.0,1.0
128,0.0,1.0,1.0,1.0,2.0,1.0,1.0,0.0,0.0,3.0
129,0.0,0.0,0.0,0.0,3.0,1.0,1.0,2.0,1.0,2.0
130,1.0,0.0,1.0,0.0,0.0,2.0,2.0,0.0,1.0,1.0
131,0.0,1.0,0.0,2.0,2.0,0.0,2.0,2.0,1.0,2.0
132,1.0,0.0,0.0,1.0,2.0,0.0,2.0,1.0,0.0,1.0
133,1.0,0.0,1.0,1.0,0.0,0.0,3.0,0.0,0.0,4.0
134,0.0,1.0,0.0,0.0,0.0,1.0,0.0,1.0,1.0,2.0
135,0.0,0.0,0.0,0.0,2.0,0.0,0.0,1.0,0.0,1.0
136,1.0,0.0,1.0,0.0,2.0,1.0,1.0,0.0,0.0,1.0
137,0.0,1.0,2.0,0.0,1.0,1.0,1.0,1.0,1.0,2.0
138,0.0,1.0,0.0,0.0,1.0,3.0,1.0,1.0,2.0,0.0
139,1.0,0.0,0.0,0.0,4.0,1.0,3.0,2.0,1.0,0.0
140,1.0,0.0,1.0,0.0,2.0,1.0,2.0,2.0,0.0,2.0
141,1.0,0.0,1.0,3.0,2.0,0.0,4.0,2.0,1.0,1.0
142,2.0,0.0,1.0,2.0,3.0,1.0,3.0,3.0,0.0,4.0
143,0.0,0.0,1.0,2.0,2.0,2.0,0.0,2.0,1.0,1.0
144,2.0,0.0,1.0,0.0,0.0,0.0,1.0,0.0,0.0,3.0
145,0.0,0.0,1.0,0.0,0.0,0.0,0.0,1.0,0.0,1.0
146,0.0,0.0,0.0,0.0,0.0,0.0,0.0,2.0,1.0,0.0
147,0.0,0.0,0.0,0.0,1.0,0.0,0.0,0.0,0.0,0.0
148,0.0,0.0,0.0,0.0,0.0,0.0,0.0,0.0,0.0,0.0
149,0.0,1.0,1.0,1.0,0.0,0.0,0.0,0.0,0.0,0.0
150,1.0,0.0,0.0,0.0,2.0,3.0,3.0,1.0,2.0,3.0
151,0.0,0.0,1.0,0.0,3.0,3.0,1.0,2.0,1.0,4.0
152,0.0,0.0,1.0,0.0,2.0,3.0,0.0,1.0,0.0,4.0
153,0.0,0.0,0.0,0.0,0.0,2.0,2.0,3.0,0.0,0.0
154,2.0,2.0,0.0,2.0,1.0,0.0,0.0,2.0,1.0,2.0
155,0.0,0.0,0.0,0.0,2.0,1.0,1.0,0.0,0.0,0.0
156,1.0,2.0,0.0,0.0,0.0,1.0,0.0,0.0,0.0,1.0
157,1.0,0.0,1.0,0.0,2.0,2.0,0.0,0.0,0.0,3.0
158,0.0,0.0,0.0,0.0,1.0,0.0,1.0,2.0,1.0,2.0
159,0.0,1.0,0.0,0.0,1.0,2.0,3.0,1.0,0.0,1.0
160,0.0,0.0,2.0,0.0,1.0,2.0,2.0,1.0,1.0,1.0
161,0.0,1.0,1.0,0.0,4.0,1.0,1.0,0.0,2.0,1.0
162,0.0,0.0,0.0,0.0,2.0,1.0,1.0,2.0,1.0,3.0
163,2.0,0.0,1.0,1.0,2.0,1.0,3.0,2.0,1.0,1.0
164,1.0,0.0,1.0,0.0,1.0,1.0,1.0,2.0,1.0,1.0
165,1.0,0.0,1.0,1.0,1.0,0.0,2.0,1.0,3.0,0.0
166,3.0,0.0,0.0,1.0,4.0,2.0,0.0,1.0,1.0,1.0
167,0.0,0.0,1.0,0.0,0.0,1.0,0.0,1.0,0.0,1.0
168,1.0,1.0,1.0,0.0,4.0,0.0,0.0,0.0,0.0,3.0
169,0.0,0.0,1.0,0.0,2.0,0.0,0.0,0.0,0.0,0.0
170,0.0,0.0,0.0,0.0,1.0,0.0,0.0,0.0,0.0,1.0
171,0.0,0.0,0.0,0.0,0.0,0.0,0.0,1.0,0.0,0.0
172,0.0,0.0,0.0,0.0,1.0,0.0,0.0,0.0,0.0,0.0
173,0.0,0.0,0.0,1.0,0.0,0.0,0.0,0.0,0.0,0.0
174,1.0,1.0,1.0,1.0,1.0,5.0,1.0,0.0,1.0,1.0
175,1.0,0.0,3.0,1.0,3.0,1.0,2.0,0.0,1.0,4.0
176,0.0,0.0,0.0,0.0,3.0,1.0,1.0,0.0,0.0,2.0
177,0.0,1.0,1.0,0.0,1.0,0.0,1.0,1.0,0.0,0.0
178,0.0,2.0,0.0,0.0,0.0,2.0,3.0,0.0,1.0,1.0
179,0.0,1.0,0.0,0.0,0.0,1.0,0.0,0.0,1.0,1.0
180,0.0,1.0,1.0,0.0,1.0,3.0,2.0,0.0,2.0,0.0
181,0.0,1.0,1.0,1.0,4.0,0.0,2.0,0.0,3.0,4.0
182,0.0,0.0,1.0,0.0,4.0,1.0,0.0,0.0,2.0,0.0
183,0.0,0.0,0.0,0.0,1.0,1.0,0.0,1.0,0.0,2.0
184,1.0,1.0,1.0,0.0,3.0,2.0,1.0,1.0,2.0,1.0
185,0.0,1.0,1.0,2.0,0.0,5.0,1.0,2.0,0.0,1.0
186,0.0,2.0,1.0,0.0,3.0,6.0,1.0,0.0,1.0,6.0
187,0.0,0.0,2.0,2.0,3.0,1.0,2.0,0.0,1.0,3.0
188,3.0,0.0,2.0,1.0,3.0,1.0,0.0,0.0,1.0,4.0
189,2.0,0.0,0.0,2.0,1.0,1.0,2.0,2.0,0.0,3.0
190,0.0,1.0,2.0,2.0,5.0,1.0,2.0,1.0,3.0,2.0
191,2.0,1.0,2.0,1.0,1.0,2.0,2.0,1.0,0.0,2.0
192,0.0,0.0,0.0,0.0,0.0,0.0,0.0,1.0,0.0,4.0
193,1.0,0.0,0.0,1.0,0.0,0.0,5.0,1.0,1.0,0.0
194,0.0,0.0,0.0,0.0,0.0,1.0,0.0,1.0,0.0,1.0
195,0.0,0.0,0.0,1.0,0.0,0.0,0.0,1.0,0.0,0.0
196,0.0,0.0,1.0,0.0,1.0,0.0,1.0,0.0,0.0,1.0
197,0.0,0.0,0.0,0.0,1.0,1.0,0.0,0.0,1.0,0.0
198,1.0,0.0,0.0,0.0,2.0,1.0,0.0,0.0,0.0,2.0
199,0.0,0.0,2.0,1.0,3.0,2.0,0.0,2.0,0.0,4.0
200,4.0,0.0,1.0,0.0,1.0,0.0,0.0,0.0,0.0,1.0
201,0.0,0.0,1.0,0.0,3.0,2.0,1.0,2.0,1.0,1.0
202,0.0,0.0,0.0,0.0,2.0,4.0,3.0,0.0,0.0,0.0
203,0.0,0.0,1.0,1.0,4.0,2.0,1.0,0.0,0.0,3.0
204,1.0,0.0,0.0,0.0,2.0,3.0,2.0,0.0,1.0,3.0
205,1.0,0.0,2.0,0.0,1.0,2.0,2.0,2.0,0.0,5.0
206,0.0,0.0,2.0,1.0,0.0,2.0,1.0,3.0,1.0,2.0
207,1.0,0.0,1.0,2.0,3.0,2.0,2.0,3.0,1.0,5.0
208,0.0,1.0,2.0,1.0,2.0,1.0,1.0,2.0,2.0,3.0
209,3.0,0.0,1.0,0.0,2.0,1.0,2.0,2.0,1.0,2.0
210,1.0,1.0,0.0,0.0,2.0,3.0,0.0,1.0,2.0,5.0
211,0.0,0.0,1.0,1.0,4.0,3.0,3.0,2.0,2.0,3.0
212,1.0,1.0,0.0,0.0,4.0,3.0,2.0,1.0,2.0,8.0
213,1.0,1.0,0.0,1.0,1.0,3.0,4.0,1.0,1.0,4.0
214,0.0,3.0,1.0,0.0,4.0,2.0,1.0,2.0,2.0,9.0
215,1.0,2.0,1.0,0.0,4.0,3.0,2.0,1.0,1.0,3.0
216,0.0,0.0,0.0,0.0,3.0,3.0,1.0,1.0,2.0,3.0
217,0.0,0.0,2.0,0.0,0.0,0.0,1.0,0.0,1.0,1.0
218,0.0,1.0,1.0,0.0,3.0,0.0,3.0,0.0,0.0,2.0
219,0.0,0.0,0.0,0.0,0.0,1.0,2.0,2.0,0.0,1.0
220,0.0,0.0,0.0,0.0,1.0,1.0,0.0,0.0,0.0,0.0
221,0.0,0.0,0.0,0.0,0.0,0.0,1.0,0.0,0.0,0.0
222,0.0,0.0,0.0,0.0,0.0,0.0,0.0,0.0,0.0,2.0
223,1.0,0.0,2.0,0.0,0.0,2.0,1.0,0.0,0.0,3.0
224,0.0,0.0,0.0,0.0,3.0,1.0,1.0,0.0,1.0,0.0
225,1.0,1.0,0.0,0.0,0.0,0.0,2.0,1.0,1.0,2.0
226,1.0,1.0,1.0,0.0,2.0,1.0,0.0,2.0,0.0,2.0
227,0.0,0.0,0.0,0.0,1.0,4.0,0.0,1.0,2.0,4.0
228,0.0,0.0,0.0,1.0,1.0,0.0,0.0,3.0,0.0,3.0
229,1.0,0.0,0.0,1.0,2.0,3.0,3.0,2.0,1.0,3.0
230,1.0,0.0,3.0,3.0,0.0,2.0,1.0,2.0,2.0,0.0
231,1.0,1.0,1.0,1.0,2.0,3.0,1.0,3.0,0.0,3.0
232,0.0,1.0,1.0,1.0,1.0,3.0,1.0,1.0,0.0,2.0
233,3.0,0.0,2.0,1.0,0.0,2.0,0.0,2.0,1.0,1.0
234,1.0,0.0,1.0,0.0,2.0,2.0,1.0,4.0,1.0,6.0
235,0.0,0.0,0.0,0.0,2.0,1.0,3.0,4.0,3.0,2.0
236,0.0,1.0,2.0,1.0,1.0,2.0,3.0,1.0,0.0,4.0
237,1.0,0.0,0.0,0.0,2.0,1.0,1.0,1.0,0.0,4.0
238,1.0,0.0,1.0,0.0,2.0,2.0,0.0,0.0,3.0,2.0
239,0.0,1.0,3.0,1.0,0.0,2.0,2.0,1.0,1.0,2.0
240,0.0,0.0,1.0,0.0,3.0,2.0,0.0,0.0,0.0,2.0
241,0.0,0.0,0.0,0.0,0.0,2.0,2.0,0.0,0.0,1.0
242,0.0,0.0,1.0,0.0,0.0,0.0,0.0,0.0,0.0,1.0
243,0.0,0.0,0.0,0.0,0.0,1.0,0.0,0.0,0.0,0.0
244,0.0,0.0,0.0,0.0,1.0,0.0,0.0,0.0,0.0,0.0
245,0.0,0.0,0.0,0.0,0.0,0.0,0.0,0.0,1.0,2.0
246,1.0,1.0,0.0,0.0,1.0,1.0,0.0,0.0,0.0,0.0
247,0.0,0.0,1.0,0.0,2.0,0.0,2.0,0.0,0.0,1.0
248,0.0,0.0,2.0,0.0,2.0,0.0,1.0,2.0,0.0,2.0
249,0.0,0.0,0.0,0.0,1.0,0.0,1.0,0.0,0.0,3.0
250,1.0,0.0,1.0,0.0,1.0,2.0,0.0,1.0,0.0,1.0
251,2.0,0.0,1.0,1.0,1.0,1.0,1.0,0.0,1.0,1.0
252,1.0,0.0,0.0,0.0,2.0,3.0,1.0,1.0,0.0,3.0
253,0.0,0.0,0.0,1.0,0.0,0.0,1.0,0.0,0.0,2.0
254,1.0,0.0,2.0,0.0,1.0,0.0,0.0,1.0,1.0,1.0
255,0.0,2.0,0.0,0.0,1.0,0.0,0.0,0.0,3.0,0.0
256,0.0,2.0,0.0,0.0,0.0,0.0,0.0,0.0,0.0,5.0
257,0.0,2.0,0.0,0.0,2.0,1.0,0.0,2.0,0.0,1.0
258,1.0,0.0,0.0,0.0,1.0,1.0,3.0,0.0,1.0,1.0
259,0.0,2.0,1.0,0.0,0.0,3.0,1.0,1.0,0.0,1.0
260,2.0,0.0,0.0,1.0,3.0,4.0,1.0,1.0,4.0,3.0
261,1.0,0.0,0.0,0.0,1.0,3.0,0.0,1.0,0.0,1.0
262,1.0,0.0,1.0,1.0,1.0,1.0,2.0,0.0,1.0,1.0
263,0.0,0.0,1.0,0.0,3.0,1.0,0.0,0.0,0.0,0.0
264,1.0,1.0,2.0,0.0,0.0,0.0,0.0,0.0,0.0,1.0
265,0.0,0.0,0.0,0.0,0.0,0.0,0.0,0.0,1.0,1.0
266,0.0,0.0,0.0,0.0,0.0,0.0,0.0,0.0,0.0,1.0
267,0.0,0.0,0.0,0.0,1.0,0.0,0.0,1.0,0.0,0.0
268,0.0,0.0,0.0,0.0,0.0,0.0,0.0,0.0,0.0,0.0
269,0.0,0.0,0.0,1.0,0.0,0.0,0.0,0.0,0.0,0.0
270,1.0,0.0,0.0,0.0,1.0,0.0,1.0,1.0,1.0,2.0
271,0.0,0.0,1.0,0.0,1.0,1.0,1.0,0.0,1.0,2.0
272,1.0,0.0,2.0,1.0,3.0,4.0,2.0,1.0,0.0,2.0
273,1.0,0.0,0.0,0.0,3.0,1.0,0.0,1.0,1.0,1.0
274,0.0,1.0,0.0,0.0,1.0,3.0,2.0,1.0,0.0,2.0
275,2.0,1.0,0.0,0.0,0.0,0.0,2.0,0.0,0.0,2.0
276,0.0,0.0,1.0,0.0,1.0,1.0,1.0,0.0,0.0,0.0
277,0.0,0.0,2.0,0.0,1.0,0.0,0.0,0.0,1.0,0.0
278,1.0,0.0,0.0,1.0,1.0,2.0,1.0,0.0,0.0,1.0
279,1.0,0.0,1.0,0.0,1.0,1.0,1.0,0.0,1.0,0.0
280,2.0,1.0,2.0,0.0,1.0,0.0,0.0,1.0,0.0,1.0
281,1.0,1.0,2.0,1.0,2.0,0.0,1.0,0.0,0.0,1.0
282,2.0,0.0,1.0,0.0,3.0,1.0,0.0,2.0,0.0,0.0
283,3.0,0.0,0.0,0.0,3.0,0.0,0.0,0.0,3.0,1.0
284,0.0,0.0,1.0,0.0,2.0,1.0,2.0,1.0,0.0,0.0
285,0.0,0.0,1.0,1.0,0.0,2.0,3.0,0.0,1.0,1.0
286,1.0,0.0,1.0,2.0,2.0,2.0,2.0,2.0,1.0,2.0
287,1.0,0.0,1.0,0.0,1.0,0.0,0.0,4.0,1.0,1.0
288,0.0,1.0,0.0,0.0,0.0,1.0,0.0,0.0,0.0,0.0
289,0.0,0.0,0.0,0.0,0.0,0.0,1.0,0.0,0.0,1.0
290,1.0,0.0,0.0,0.0,0.0,0.0,0.0,0.0,0.0,1.0
291,0.0,0.0,0.0,0.0,0.0,0.0,0.0,1.0,0.0,0.0
292,0.0,0.0,1.0,1.0,1.0,0.0,0.0,0.0,0.0,0.0
293,0.0,0.0,0.0,0.0,0.0,0.0,0.0,0.0,0.0,0.0
294,1.0,3.0,0.0,0.0,1.0,4.0,2.0,0.0,1.0,2.0
295,0.0,0.0,1.0,0.0,2.0,2.0,0.0,0.0,1.0,2.0
296,0.0,1.0,1.0,0.0,0.0,1.0,1.0,0.0,2.0,3.0
297,1.0,0.0,1.0,0.0,1.0,2.0,2.0,0.0,0.0,0.0
298,0.0,1.0,1.0,0.0,0.0,2.0,0.0,0.0,0.0,3.0
299,1.0,0.0,1.0,0.0,1.0,0.0,3.0,2.0,1.0,2.0
300,1.0,0.0,0.0,0.0,2.0,0.0,1.0,0.0,0.0,0.0
301,0.0,0.0,0.0,1.0,0.0,1.0,0.0,1.0,0.0,2.0
302,0.0,0.0,1.0,1.0,1.0,0.0,1.0,1.0,1.0,0.0
303,0.0,2.0,1.0,0.0,1.0,1.0,0.0,1.0,0.0,0.0
304,0.0,0.0,1.0,1.0,0.0,0.0,1.0,1.0,1.0,1.0
305,0.0,1.0,2.0,0.0,3.0,1.0,1.0,2.0,1.0,2.0
306,0.0,1.0,1.0,0.0,5.0,1.0,1.0,3.0,2.0,3.0
307,0.0,0.0,0.0,0.0,1.0,1.0,0.0,1.0,0.0,3.0
308,3.0,0.0,1.0,0.0,0.0,1.0,2.0,1.0,1.0,1.0
309,2.0,0.0,0.0,0.0,0.0,0.0,1.0,0.0,1.0,1.0
310,0.0,0.0,2.0,0.0,1.0,0.0,3.0,0.0,2.0,1.0
311,0.0,0.0,1.0,0.0,2.0,0.0,0.0,1.0,1.0,3.0
312,0.0,0.0,0.0,0.0,3.0,0.0,1.0,0.0,0.0,2.0
313,1.0,0.0,0.0,1.0,0.0,0.0,1.0,2.0,0.0,0.0
314,0.0,0.0,0.0,0.0,1.0,0.0,0.0,0.0,1.0,1.0
315,0.0,0.0,0.0,0.0,0.0,0.0,0.0,0.0,0.0,0.0
316,0.0,0.0,0.0,0.0,1.0,0.0,0.0,0.0,0.0,0.0
317,0.0,0.0,0.0,0.0,1.0,0.0,0.0,0.0,0.0,1.0
318,1.0,0.0,3.0,0.0,1.0,4.0,0.0,1.0,2.0,1.0
319,0.0,0.0,0.0,0.0,2.0,2.0,2.0,2.0,1.0,0.0
320,0.0,2.0,1.0,1.0,1.0,3.0,1.0,0.0,0.0,2.0
321,0.0,0.0,0.0,1.0,2.0,2.0,0.0,1.0,0.0,0.0
322,0.0,0.0,2.0,0.0,0.0,1.0,1.0,0.0,0.0,5.0
323,1.0,1.0,0.0,0.0,0.0,0.0,1.0,1.0,0.0,0.0
324,0.0,1.0,2.0,0.0,1.0,1.0,0.0,3.0,0.0,2.0
325,0.0,0.0,0.0,0.0,0.0,0.0,1.0,1.0,0.0,1.0
326,0.0,0.0,0.0,0.0,0.0,1.0,3.0,0.0,0.0,1.0
327,1.0,2.0,1.0,0.0,0.0,2.0,0.0,2.0,0.0,2.0
328,0.0,0.0,1.0,2.0,1.0,0.0,3.0,0.0,1.0,1.0
329,0.0,1.0,0.0,0.0,4.0,1.0,2.0,1.0,0.0,7.0
330,0.0,0.0,3.0,1.0,3.0,0.0,2.0,2.0,2.0,5.0
331,0.0,0.0,0.0,0.0,1.0,3.0,1.0,1.0,0.0,0.0
332,1.0,0.0,0.0,1.0,2.0,1.0,2.0,0.0,1.0,2.0
333,0.0,0.0,0.0,0.0,2.0,2.0,0.0,0.0,2.0,3.0
334,0.0,0.0,1.0,1.0,1.0,0.0,1.0,5.0,1.0,0.0
335,0.0,0.0,1.0,1.0,2.0,2.0,2.0,3.0,0.0,0.0
336,1.0,0.0,0.0,0.0,0.0,1.0,0.0,0.0,0.0,0.0
337,0.0,0.0,0.0,1.0,0.0,1.0,0.0,0.0,0.0,1.0
338,0.0,1.0,0.0,0.0,0.0,0.0,1.0,1.0,0.0,0.0
339,0.0,0.0,0.0,0.0,0.0,0.0,0.0,1.0,0.0,0.0
340,0.0,0.0,0.0,0.0,1.0,0.0,0.0,0.0,0.0,0.0
341,0.0,0.0,0.0,1.0,0.0,0.0,0.0,0.0,0.0,0.0
342,1.0,0.0,1.0,0.0,2.0,3.0,0.0,1.0,1.0,0.0
343,1.0,0.0,0.0,0.0,1.0,3.0,0.0,0.0,0.0,3.0
344,1.0,0.0,0.0,0.0,2.0,4.0,0.0,0.0,2.0,2.0
345,0.0,0.0,0.0,0.0,1.0,0.0,0.0,1.0,0.0,3.0
346,0.0,0.0,1.0,0.0,0.0,3.0,2.0,0.0,0.0,1.0
347,2.0,0.0,1.0,1.0,0.0,1.0,1.0,0.0,2.0,1.0
348,0.0,2.0,2.0,0.0,1.0,1.0,5.0,0.0,2.0,0.0
349,1.0,0.0,2.0,0.0,2.0,0.0,1.0,0.0,0.0,0.0
350,0.0,0.0,0.0,1.0,1.0,0.0,0.0,1.0,0.0,1.0
351,0.0,0.0,0.0,0.0,2.0,2.0,1.0,1.0,0.0,2.0
352,2.0,0.0,0.0,2.0,1.0,1.0,2.0,1.0,3.0,3.0
353,3.0,0.0,1.0,0.0,1.0,1.0,1.0,0.0,3.0,3.0
354,1.0,3.0,1.0,1.0,0.0,1.0,2.0,0.0,2.0,2.0
355,0.0,2.0,0.0,0.0,3.0,1.0,0.0,1.0,0.0,2.0
356,2.0,0.0,2.0,0.0,3.0,1.0,1.0,0.0,0.0,2.0
357,3.0,1.0,0.0,1.0,1.0,0.0,1.0,1.0,2.0,6.0
358,1.0,1.0,2.0,3.0,2.0,2.0,1.0,0.0,3.0,2.0
359,2.0,2.0,2.0,0.0,2.0,3.0,1.0,1.0,0.0,2.0
360,0.0,0.0,0.0,0.0,1.0,0.0,2.0,1.0,0.0,2.0
361,0.0,0.0,0.0,0.0,1.0,2.0,1.0,2.0,2.0,0.0
362,0.0,1.0,0.0,0.0,0.0,0.0,0.0,0.0,1.0,1.0
363,0.0,0.0,0.0,1.0,0.0,0.0,0.0,0.0,0.0,0.0
364,0.0,0.0,1.0,0.0,1.0,0.0,0.0,0.0,0.0,0.0
365,0.0,0.0,1.0,0.0,0.0,0.0,1.0,0.0,0.0,1.0
366,1.0,1.0,0.0,0.0,2.0,1.0,1.0,0.0,1.0,1.0
367,0.0,2.0,1.0,1.0,0.0,2.0,0.0,0.0,0.0,3.0
368,4.0,0.0,0.0,0.0,2.0,2.0,1.0,1.0,1.0,3.0
369,0.0,1.0,0.0,1.0,1.0,0.0,3.0,0.0,0.0,3.0
370,1.0,0.0,0.0,0.0,1.0,5.0,2.0,1.0,1.0,3.0
371,0.0,0.0,0.0,2.0,0.0,4.0,3.0,2.0,1.0,2.0
372,0.0,0.0,2.0,0.0,5.0,3.0,1.0,0.0,1.0,1.0
373,0.0,0.0,1.0,0.0,2.0,2.0,4.0,3.0,0.0,4.0
374,2.0,0.0,0.0,0.0,1.0,2.0,1.0,4.0,1.0,1.0
375,1.0,2.0,0.0,0.0,1.0,4.0,1.0,3.0,0.0,2.0
376,2.0,0.0,0.0,0.0,2.0,0.0,3.0,1.0,1.0,0.0
377,0.0,1.0,4.0,1.0,3.0,1.0,0.0,1.0,1.0,1.0
378,1.0,3.0,2.0,1.0,3.0,2.0,1.0,5.0,0.0,3.0
379,0.0,2.0,2.0,0.0,1.0,0.0,3.0,1.0,2.0,1.0
380,1.0,1.0,1.0,0.0,2.0,2.0,1.0,1.0,2.0,4.0
381,1.0,1.0,3.0,1.0,2.0,3.0,1.0,1.0,2.0,5.0
382,2.0,0.0,2.0,1.0,1.0,1.0,3.0,0.0,0.0,1.0
383,0.0,1.0,1.0,1.0,2.0,3.0,0.0,1.0,1.0,4.0
384,0.0,1.0,0.0,0.0,2.0,1.0,2.0,1.0,1.0,3.0
385,0.0,0.0,2.0,0.0,3.0,2.0,1.0,0.0,1.0,0.0
386,0.0,0.0,0.0,1.0,2.0,0.0,0.0,1.0,0.0,0.0
387,0.0,0.0,0.0,0.0,0.0,0.0,0.0,0.0,2.0,0.0
388,0.0,0.0,0.0,0.0,1.0,0.0,1.0,0.0,0.0,0.0
389,0.0,0.0,0.0,0.0,0.0,0.0,0.0,0.0,1.0,0.0
390,1.0,1.0,0.0,1.0,1.0,1.0,0.0,1.0,0.0,0.0
391,1.0,1.0,1.0,1.0,2.0,0.0,0.0,1.0,0.0,1.0
392,2.0,0.0,0.0,0.0,0.0,2.0,3.0,1.0,0.0,2.0
393,1.0,0.0,1.0,0.0,0.0,2.0,1.0,2.0,1.0,1.0
394,0.0,0.0,1.0,0.0,0.0,3.0,1.0,1.0,1.0,4.0
395,1.0,0.0,1.0,1.0,0.0,1.0,1.0,0.0,1.0,3.0
396,0.0,2.0,0.0,0.0,2.0,1.0,2.0,0.0,0.0,1.0
397,0.0,0.0,1.0,0.0,7.0,2.0,2.0,1.0,1.0,3.0
398,2.0,1.0,1.0,0.0,3.0,2.0,3.0,3.0,1.0,7.0
399,0.0,3.0,0.0,4.0,3.0,1.0,2.0,4.0,1.0,1.0
400,1.0,1.0,0.0,2.0,1.0,1.0,0.0,2.0,3.0,1.0
401,1.0,0.0,1.0,0.0,2.0,1.0,2.0,2.0,0.0,4.0
402,1.0,1.0,3.0,1.0,0.0,1.0,2.0,1.0,3.0,1.0
403,0.0,0.0,0.0,0.0,0.0,0.0,0.0,1.0,1.0,3.0
404,1.0,0.0,0.0,1.0,0.0,2.0,3.0,1.0,2.0,3.0
405,0.0,0.0,3.0,0.0,2.0,0.0,4.0,3.0,0.0,5.0
406,0.0,0.0,0.0,2.0,1.0,4.0,0.0,1.0,1.0,2.0
407,2.0,0.0,0.0,0.0,3.0,1.0,4.0,2.0,3.0,0.0
408,0.0,1.0,0.0,0.0,0.0,2.0,1.0,1.0,0.0,2.0
409,0.0,0.0,1.0,1.0,1.0,0.0,1.0,0.0,0.0,1.0
410,0.0,0.0,0.0,0.0,0.0,0.0,1.0,0.0,0.0,1.0
411,0.0,0.0,0.0,0.0,0.0,0.0,0.0,0.0,0.0,0.0
412,0.0,0.0,0.0,0.0,1.0,0.0,0.0,0.0,0.0,0.0
413,0.0,0.0,0.0,0.0,1.0,1.0,0.0,0.0,0.0,1.0
414,1.0,2.0,1.0,0.0,0.0,2.0,2.0,2.0,0.0,0.0
415,0.0,1.0,2.0,0.0,1.0,3.0,1.0,1.0,1.0,1.0
416,0.0,0.0,1.0,0.0,3.0,2.0,0.0,2.0,0.0,1.0
417,0.0,1.0,0.0,0.0,2.0,1.0,1.0,0.0,0.0,0.0
418,0.0,1.0,1.0,0.0,0.0,1.0,0.0,0.0,0.0,0.0
419,1.0,0.0,0.0,0.0,1.0,0.0,1.0,0.0,0.0,0.0
420,0.0,0.0,0.0,1.0,0.0,1.0,0.0,1.0,0.0,1.0
421,1.0,0.0,0.0,0.0,1.0,1.0,1.0,1.0,1.0,3.0
422,0.0,0.0,1.0,0.0,1.0,1.0,0.0,0.0,1.0,1.0
423,1.0,0.0,0.0,1.0,0.0,0.0,2.0,0.0,1.0,3.0
424,0.0,0.0,0.0,0.0,1.0,0.0,1.0,0.0,0.0,4.0
425,1.0,0.0,1.0,3.0,0.0,3.0,2.0,1.0,3.0,0.0
426,0.0,1.0,0.0,0.0,5.0,1.0,0.0,2.0,1.0,2.0
427,1.0,2.0,1.0,1.0,1.0,2.0,2.0,0.0,0.0,5.0
428,0.0,2.0,1.0,0.0,2.0,2.0,3.0,4.0,1.0,2.0
429,2.0,1.0,1.0,2.0,1.0,1.0,3.0,2.0,3.0,1.0
430,2.0,0.0,0.0,0.0,0.0,1.0,2.0,1.0,0.0,2.0
431,0.0,0.0,0.0,1.0,2.0,0.0,1.0,0.0,1.0,2.0
432,0.0,0.0,0.0,0.0,1.0,0.0,1.0,0.0,0.0,2.0
433,0.0,0.0,0.0,0.0,0.0,1.0,2.0,1.0,0.0,2.0
434,0.0,0.0,0.0,0.0,0.0,0.0,0.0,0.0,0.0,1.0
435,0.0,0.0,0.0,0.0,0.0,0.0,0.0,0.0,0.0,0.0
436,1.0,0.0,0.0,0.0,1.0,0.0,0.0,0.0,0.0,0.0
437,0.0,0.0,0.0,1.0,0.0,1.0,0.0,0.0,1.0,0.0
438,1.0,0.0,0.0,0.0,4.0,2.0,2.0,0.0,2.0,2.0
439,0.0,0.0,0.0,0.0,1.0,2.0,2.0,1.0,0.0,3.0
440,0.0,0.0,0.0,0.0,1.0,2.0,1.0,0.0,0.0,3.0
441,0.0,0.0,2.0,0.0,4.0,1.0,1.0,0.0,0.0,0.0
442,0.0,1.0,0.0,0.0,3.0,1.0,1.0,0.0,0.0,0.0
443,0.0,0.0,1.0,0.0,0.0,0.0,0.0,0.0,0.0,1.0
444,0.0,1.0,1.0,0.0,1.0,0.0,0.0,0.0,0.0,2.0
445,0.0,1.0,0.0,0.0,2.0,1.0,0.0,2.0,0.0,2.0
446,0.0,0.0,0.0,1.0,1.0,1.0,0.0,2.0,0.0,3.0
447,0.0,0.0,0.0,1.0,1.0,2.0,0.0,0.0,0.0,1.0
448,2.0,1.0,0.0,0.0,0.0,0.0,0.0,2.0,0.0,1.0
449,0.0,0.0,1.0,0.0,1.0,3.0,1.0,1.0,0.0,3.0
450,0.0,0.0,0.0,1.0,1.0,0.0,0.0,2.0,1.0,1.0
451,1.0,0.0,1.0,0.0,1.0,3.0,1.0,1.0,2.0,4.0
452,1.0,1.0,0.0,2.0,0.0,1.0,1.0,1.0,2.0,1.0
453,1.0,1.0,0.0,0.0,1.0,1.0,1.0,0.0,0.0,0.0
454,2.0,0.0,0.0,1.0,1.0,2.0,1.0,0.0,0.0,0.0
455,0.0,0.0,0.0,1.0,1.0,0.0,1.0,0.0,0.0,0.0
456,0.0,0.0,0.0,0.0,0.0,0.0,0.0,0.0,0.0,0.0
457,0.0,0.0,0.0,0.0,0.0,0.0,0.0,1.0,0.0,0.0
458,0.0,0.0,0.0,0.0,0.0,1.0,0.0,0.0,0.0,2.0
459,0.0,0.0,0.0,0.0,0.0,0.0,0.0,0.0,1.0,0.0
460,0.0,0.0,0.0,0.0,1.0,0.0,0.0,0.0,0.0,0.0
461,0.0,0.0,0.0,1.0,0.0,1.0,0.0,0.0,0.0,1.0
462,1.0,1.0,1.0,1.0,0.0,1.0,2.0,2.0,2.0,4.0
463,0.0,0.0,1.0,0.0,1.0,3.0,1.0,3.0,0.0,3.0
464,1.0,1.0,1.0,0.0,2.0,2.0,4.0,0.0,0.0,3.0
465,0.0,1.0,1.0,0.0,1.0,1.0,2.0,1.0,0.0,2.0
466,1.0,0.0,0.0,0.0,2.0,2.0,3.0,0.0,0.0,0.0
467,0.0,0.0,0.0,1.0,2.0,1.0,0.0,1.0,0.0,0.0
468,2.0,0.0,1.0,0.0,0.0,0.0,0.0,1.0,0.0,1.0
469,0.0,1.0,0.0,1.0,2.0,3.0,0.0,0.0,0.0,2.0
470,1.0,0.0,1.0,0.0,1.0,2.0,1.0,2.0,0.0,3.0
471,0.0,0.0,0.0,0.0,3.0,0.0,0.0,2.0,1.0,0.0
472,0.0,0.0,0.0,0.0,1.0,1.0,0.0,1.0,1.0,2.0
473,0.0,0.0,1.0,0.0,2.0,1.0,0.0,0.0,1.0,2.0
474,1.0,0.0,2.0,0.0,2.0,1.0,2.0,2.0,0.0,1.0
475,1.0,0.0,2.0,0.0,2.0,4.0,0.0,0.0,2.0,2.0
476,0.0,0.0,0.0,1.0,3.0,0.0,1.0,1.0,2.0,1.0
477,0.0,0.0,1.0,0.0,1.0,3.0,1.0,3.0,1.0,1.0
478,2.0,1.0,1.0,1.0,2.0,0.0,0.0,1.0,0.0,2.0
479,0.0,0.0,1.0,0.0,1.0,2.0,0.0,0.0,1.0,0.0
480,0.0,0.0,0.0,0.0,0.0,0.0,1.0,0.0,0.0,0.0
481,0.0,0.0,0.0,0.0,0.0,0.0,1.0,0.0,0.0,1.0
482,1.0,0.0,0.0,0.0,0.0,0.0,0.0,1.0,0.0,2.0
483,0.0,0.0,0.0,0.0,1.0,0.0,0.0,0.0,0.0,0.0
484,0.0,0.0,0.0,0.0,0.0,0.0,0.0,0.0,0.0,0.0
485,0.0,0.0,0.0,0.0,0.0,1.0,0.0,1.0,0.0,1.0
486,2.0,0.0,0.0,0.0,3.0,2.0,1.0,1.0,3.0,2.0
487,0.0,1.0,1.0,0.0,1.0,3.0,2.0,0.0,0.0,3.0
488,1.0,2.0,0.0,0.0,3.0,2.0,1.0,0.0,0.0,5.0
489,1.0,0.0,0.0,0.0,2.0,1.0,0.0,1.0,0.0,0.0
490,0.0,0.0,2.0,0.0,2.0,0.0,1.0,2.0,0.0,1.0
491,0.0,1.0,0.0,0.0,0.0,0.0,0.0,0.0,0.0,0.0
492,0.0,0.0,0.0,1.0,2.0,0.0,3.0,1.0,1.0,2.0
493,1.0,0.0,0.0,0.0,2.0,1.0,0.0,0.0,0.0,1.0
494,0.0,0.0,0.0,0.0,0.0,2.0,2.0,0.0,0.0,1.0
495,0.0,1.0,2.0,0.0,0.0,3.0,1.0,1.0,0.0,1.0
496,1.0,0.0,0.0,0.0,0.0,0.0,0.0,0.0,3.0,1.0
497,0.0,0.0,2.0,0.0,1.0,1.0,0.0,0.0,0.0,6.0
498,1.0,0.0,1.0,1.0,3.0,0.0,0.0,1.0,0.0,2.0
499,0.0,0.0,0.0,0.0,1.0,0.0,1.0,0.0,1.0,3.0
500,0.0,0.0,0.0,1.0,2.0,4.0,0.0,0.0,0.0,2.0
501,1.0,0.0,0.0,0.0,1.0,1.0,4.0,3.0,1.0,2.0
502,1.0,1.0,3.0,1.0,2.0,1.0,1.0,1.0,1.0,1.0
503,0.0,0.0,2.0,0.0,1.0,0.0,2.0,1.0,0.0,1.0
504,0.0,0.0,0.0,0.0,0.0,0.0,2.0,2.0,1.0,3.0
505,1.0,0.0,0.0,1.0,0.0,0.0,0.0,0.0,0.0,0.0
506,1.0,0.0,0.0,0.0,0.0,1.0,0.0,0.0,0.0,0.0
507,0.0,0.0,0.0,0.0,0.0,0.0,0.0,0.0,0.0,1.0
508,0.0,0.0,0.0,1.0,1.0,0.0,0.0,0.0,0.0,1.0
509,0.0,0.0,0.0,0.0,0.0,1.0,0.0,0.0,1.0,0.0
510,1.0,1.0,0.0,0.0,1.0,2.0,4.0,0.0,1.0,3.0
511,0.0,1.0,1.0,0.0,2.0,1.0,0.0,0.0,1.0,1.0
512,0.0,1.0,0.0,0.0,2.0,1.0,1.0,0.0,0.0,1.0
513,1.0,0.0,2.0,0.0,0.0,0.0,1.0,0.0,1.0,2.0
514,1.0,3.0,0.0,0.0,0.0,0.0,2.0,0.0,0.0,3.0
515,1.0,0.0,0.0,0.0,3.0,0.0,1.0,0.0,0.0,0.0
516,0.0,0.0,0.0,1.0,1.0,1.0,2.0,1.0,0.0,0.0
517,1.0,1.0,0.0,0.0,1.0,0.0,0.0,0.0,1.0,2.0
518,1.0,0.0,1.0,0.0,0.0,1.0,2.0,1.0,0.0,1.0
519,0.0,0.0,0.0,0.0,0.0,1.0,1.0,1.0,0.0,0.0
520,0.0,0.0,1.0,0.0,0.0,1.0,1.0,0.0,1.0,0.0
521,2.0,1.0,1.0,1.0,2.0,1.0,1.0,0.0,1.0,2.0
522,0.0,0.0,1.0,1.0,0.0,1.0,3.0,2.0,1.0,0.0
523,0.0,0.0,0.0,1.0,2.0,0.0,4.0,1.0,0.0,1.0
524,1.0,0.0,0.0,1.0,0.0,1.0,1.0,1.0,0.0,3.0
525,0.0,1.0,1.0,1.0,4.0,2.0,3.0,1.0,1.0,3.0
526,0.0,1.0,0.0,0.0,4.0,1.0,3.0,3.0,3.0,5.0
527,0.0,2.0,0.0,0.0,1.0,3.0,1.0,2.0,1.0,3.0
528,1.0,0.0,1.0,0.0,0.0,2.0,2.0,1.0,0.0,1.0
529,0.0,0.0,1.0,0.0,0.0,0.0,0.0,1.0,0.0,1.0
530,0.0,0.0,1.0,0.0,1.0,0.0,2.0,2.0,0.0,1.0
531,0.0,0.0,0.0,1.0,0.0,0.0,0.0,0.0,0.0,0.0
532,0.0,0.0,0.0,0.0,1.0,0.0,0.0,0.0,0.0,0.0
533,0.0,1.0,0.0,0.0,0.0,1.0,0.0,0.0,0.0,2.0
534,0.0,0.0,0.0,0.0,3.0,2.0,3.0,1.0,0.0,1.0
535,0.0,0.0,1.0,0.0,0.0,1.0,0.0,1.0,0.0,1.0
536,4.0,2.0,0.0,0.0,2.0,3.0,0.0,0.0,0.0,2.0
537,0.0,0.0,1.0,1.0,0.0,0.0,2.0,1.0,0.0,3.0
538,0.0,1.0,2.0,0.0,1.0,1.0,2.0,1.0,2.0,2.0
539,2.0,1.0,0.0,1.0,0.0,1.0,3.0,3.0,1.0,2.0
540,1.0,1.0,0.0,1.0,4.0,1.0,1.0,4.0,0.0,3.0
541,1.0,2.0,0.0,0.0,6.0,2.0,2.0,1.0,1.0,3.0
542,1.0,0.0,1.0,1.0,5.0,4.0,0.0,2.0,0.0,4.0
543,0.0,0.0,2.0,0.0,3.0,2.0,2.0,3.0,0.0,3.0
544,0.0,3.0,1.0,0.0,1.0,2.0,0.0,2.0,2.0,4.0
545,1.0,1.0,1.0,0.0,1.0,1.0,3.0,2.0,1.0,2.0
546,3.0,3.0,1.0,0.0,1.0,3.0,0.0,4.0,1.0,3.0
547,0.0,0.0,1.0,1.0,4.0,3.0,0.0,2.0,0.0,3.0
548,0.0,1.0,3.0,0.0,1.0,4.0,2.0,0.0,1.0,4.0
549,2.0,0.0,1.0,2.0,2.0,2.0,3.0,4.0,1.0,3.0
550,0.0,1.0,3.0,1.0,2.0,3.0,2.0,1.0,3.0,6.0
551,1.0,0.0,0.0,1.0,4.0,1.0,1.0,3.0,0.0,1.0
552,1.0,1.0,0.0,0.0,2.0,2.0,3.0,1.0,1.0,3.0
553,0.0,2.0,0.0,1.0,1.0,0.0,0.0,3.0,0.0,1.0
554,0.0,0.0,0.0,1.0,0.0,1.0,1.0,1.0,1.0,1.0
555,0.0,0.0,1.0,0.0,0.0,0.0,1.0,0.0,1.0,0.0
556,0.0,0.0,0.0,0.0,1.0,0.0,0.0,0.0,0.0,0.0
557,0.0,1.0,0.0,0.0,0.0,1.0,0.0,0.0,0.0,1.0
558,0.0,0.0,0.0,0.0,1.0,1.0,1.0,0.0,0.0,2.0
559,0.0,1.0,1.0,0.0,0.0,2.0,1.0,2.0,1.0,2.0
560,2.0,0.0,0.0,1.0,1.0,0.0,0.0,0.0,0.0,3.0
561,1.0,1.0,0.0,0.0,4.0,1.0,1.0,2.0,1.0,2.0
562,2.0,2.0,0.0,0.0,2.0,3.0,1.0,1.0,0.0,1.0
563,3.0,0.0,0.0,1.0,1.0,2.0,0.0,0.0,0.0,2.0
564,0.0,0.0,0.0,0.0,3.0,1.0,2.0,1.0,2.0,2.0
565,0.0,0.0,0.0,0.0,4.0,0.0,0.0,1.0,0.0,4.0
566,0.0,1.0,2.0,2.0,2.0,1.0,0.0,0.0,1.0,4.0
567,2.0,1.0,0.0,2.0,1.0,1.0,4.0,1.0,2.0,3.0
568,1.0,1.0,0.0,1.0,1.0,1.0,1.0,1.0,0.0,3.0
569,1.0,1.0,1.0,0.0,1.0,1.0,5.0,0.0,1.0,3.0
570,0.0,1.0,2.0,0.0,2.0,1.0,1.0,2.0,2.0,2.0
571,1.0,0.0,0.0,1.0,3.0,3.0,3.0,2.0,2.0,3.0
572,0.0,0.0,1.0,1.0,1.0,2.0,2.0,2.0,1.0,1.0
573,2.0,1.0,0.0,1.0,0.0,1.0,3.0,2.0,2.0,0.0
574,1.0,2.0,0.0,4.0,2.0,3.0,0.0,3.0,1.0,4.0
575,1.0,0.0,3.0,0.0,1.0,1.0,3.0,1.0,1.0,3.0
576,0.0,0.0,1.0,0.0,0.0,3.0,0.0,2.0,1.0,2.0
577,0.0,0.0,0.0,0.0,0.0,0.0,1.0,0.0,0.0,0.0
578,0.0,0.0,0.0,0.0,1.0,0.0,0.0,0.0,0.0,1.0
579,0.0,0.0,0.0,0.0,1.0,0.0,0.0,0.0,0.0,0.0
580,0.0,0.0,0.0,1.0,0.0,1.0,0.0,0.0,0.0,0.0
581,0.0,1.0,0.0,0.0,0.0,0.0,0.0,0.0,0.0,0.0
582,0.0,0.0,0.0,0.0,3.0,2.0,3.0,1.0,0.0,0.0
583,1.0,1.0,0.0,1.0,2.0,1.0,1.0,1.0,1.0,3.0
584,0.0,0.0,0.0,0.0,2.0,1.0,2.0,0.0,0.0,4.0
585,1.0,0.0,1.0,0.0,2.0,2.0,0.0,0.0,0.0,0.0
586,0.0,0.0,0.0,1.0,0.0,0.0,1.0,0.0,1.0,1.0
587,1.0,1.0,0.0,0.0,0.0,2.0,0.0,0.0,0.0,2.0
588,0.0,0.0,0.0,0.0,4.0,2.0,0.0,0.0,0.0,4.0
589,0.0,0.0,1.0,0.0,1.0,0.0,0.0,1.0,3.0,0.0
590,0.0,0.0,0.0,1.0,1.0,1.0,0.0,0.0,0.0,0.0
591,1.0,1.0,1.0,0.0,1.0,0.0,0.0,2.0,1.0,0.0
592,1.0,0.0,2.0,0.0,3.0,2.0,1.0,0.0,1.0,1.0
593,2.0,0.0,1.0,1.0,0.0,1.0,1.0,0.0,3.0,3.0
594,1.0,3.0,1.0,1.0,1.0,3.0,2.0,1.0,0.0,4.0
595,1.0,0.0,1.0,0.0,1.0,1.0,1.0,2.0,1.0,1.0
596,1.0,1.0,2.0,0.0,1.0,0.0,0.0,2.0,1.0,0.0
597,2.0,0.0,0.0,2.0,3.0,3.0,3.0,0.0,1.0,2.0
598,1.0,1.0,0.0,1.0,1.0,3.0,0.0,1.0,2.0,0.0
599,0.0,0.0,1.0,0.0,0.0,0.0,0.0,0.0,1.0,1.0
600,0.0,1.0,0.0,0.0,0.0,0.0,0.0,0.0,0.0,0.0
601,0.0,0.0,0.0,0.0,0.0,2.0,0.0,0.0,0.0,0.0
602,0.0,0.0,0.0,0.0,0.0,1.0,1.0,1.0,0.0,0.0
603,0.0,1.0,0.0,0.0,0.0,0.0,0.0,1.0,0.0,1.0
604,0.0,0.0,0.0,1.0,1.0,0.0,0.0,0.0,0.0,1.0
605,0.0,0.0,0.0,0.0,0.0,0.0,0.0,1.0,0.0,0.0
606,0.0,1.0,0.0,0.0,2.0,2.0,2.0,0.0,1.0,1.0
607,1.0,0.0,1.0,0.0,0.0,3.0,1.0,0.0,0.0,2.0
608,0.0,0.0,2.0,1.0,1.0,2.0,2.0,0.0,1.0,3.0
609,1.0,1.0,0.0,0.0,5.0,3.0,0.0,2.0,1.0,0.0
610,2.0,0.0,0.0,0.0,0.0,1.0,1.0,0.0,0.0,1.0
611,1.0,0.0,1.0,0.0,4.0,1.0,1.0,0.0,0.0,2.0
612,0.0,0.0,1.0,2.0,1.0,0.0,2.0,2.0,0.0,2.0
613,0.0,0.0,0.0,0.0,0.0,0.0,0.0,0.0,0.0,0.0
614,0.0,0.0,0.0,0.0,0.0,0.0,1.0,1.0,0.0,1.0
615,0.0,0.0,2.0,1.0,1.0,1.0,0.0,2.0,0.0,1.0
616,0.0,0.0,0.0,0.0,0.0,1.0,0.0,1.0,1.0,1.0
617,1.0,0.0,2.0,0.0,2.0,0.0,1.0,2.0,0.0,3.0
618,1.0,0.0,1.0,1.0,1.0,3.0,1.0,2.0,1.0,2.0
619,0.0,0.0,0.0,1.0,0.0,1.0,2.0,1.0,2.0,0.0
620,2.0,2.0,0.0,0.0,1.0,2.0,1.0,0.0,0.0,2.0
621,0.0,1.0,0.0,4.0,1.0,2.0,2.0,1.0,0.0,2.0
622,0.0,0.0,0.0,0.0,0.0,1.0,2.0,1.0,2.0,5.0
623,0.0,0.0,1.0,0.0,1.0,1.0,1.0,1.0,0.0,1.0
624,0.0,0.0,1.0,0.0,1.0,0.0,0.0,1.0,1.0,3.0
625,1.0,0.0,0.0,0.0,1.0,0.0,0.0,0.0,0.0,1.0
626,0.0,0.0,0.0,0.0,0.0,1.0,0.0,0.0,0.0,0.0
627,0.0,0.0,0.0,0.0,0.0,0.0,0.0,0.0,0.0,0.0
628,0.0,0.0,0.0,0.0,0.0,0.0,0.0,0.0,0.0,0.0
629,0.0,0.0,0.0,0.0,0.0,0.0,0.0,0.0,0.0,1.0
630,1.0,0.0,0.0,0.0,3.0,3.0,2.0,0.0,2.0,1.0
631,1.0,2.0,1.0,0.0,1.0,0.0,0.0,1.0,1.0,2.0
632,1.0,1.0,1.0,1.0,3.0,3.0,1.0,0.0,1.0,2.0
633,1.0,1.0,2.0,0.0,0.0,0.0,0.0,0.0,0.0,0.0
634,2.0,0.0,2.0,0.0,0.0,0.0,1.0,1.0,1.0,2.0
635,0.0,0.0,0.0,0.0,1.0,0.0,1.0,1.0,0.0,1.0
636,0.0,2.0,0.0,0.0,2.0,2.0,0.0,2.0,0.0,0.0
637,0.0,2.0,0.0,1.0,1.0,1.0,0.0,0.0,1.0,0.0
638,0.0,0.0,0.0,0.0,1.0,2.0,0.0,3.0,2.0,0.0
639,0.0,0.0,0.0,0.0,0.0,3.0,1.0,2.0,0.0,0.0
640,0.0,0.0,0.0,1.0,2.0,0.0,0.0,2.0,0.0,0.0
641,1.0,2.0,0.0,0.0,2.0,0.0,2.0,0.0,0.0,0.0
642,0.0,2.0,1.0,0.0,1.0,2.0,1.0,1.0,0.0,2.0
643,1.0,0.0,1.0,0.0,3.0,2.0,2.0,1.0,0.0,1.0
644,0.0,1.0,0.0,0.0,1.0,2.0,0.0,1.0,0.0,0.0
645,1.0,0.0,1.0,0.0,2.0,1.0,1.0,1.0,2.0,1.0
646,0.0,0.0,0.0,1.0,1.0,1.0,0.0,1.0,0.0,1.0
647,0.0,0.0,1.0,0.0,1.0,1.0,1.0,2.0,0.0,2.0
648,0.0,1.0,1.0,0.0,2.0,0.0,0.0,1.0,0.0,0.0
649,1.0,0.0,1.0,2.0,0.0,1.0,0.0,1.0,0.0,0.0
650,0.0,0.0,0.0,0.0,0.0,0.0,0.0,0.0,0.0,0.0
651,0.0,0.0,0.0,0.0,0.0,2.0,0.0,0.0,1.0,0.0
652,0.0,0.0,0.0,1.0,1.0,0.0,0.0,0.0,0.0,0.0
653,0.0,0.0,0.0,0.0,1.0,0.0,1.0,0.0,0.0,0.0
654,1.0,0.0,0.0,0.0,2.0,2.0,1.0,0.0,2.0,0.0
655,0.0,1.0,0.0,1.0,2.0,1.0,0.0,0.0,2.0,3.0
656,0.0,0.0,0.0,0.0,2.0,2.0,0.0,0.0,0.0,2.0
657,0.0,1.0,0.0,0.0,1.0,2.0,3.0,0.0,1.0,0.0
658,2.0,0.0,1.0,0.0,0.0,3.0,0.0,1.0,0.0,1.0
659,0.0,1.0,1.0,0.0,1.0,1.0,1.0,3.0,1.0,1.0
660,0.0,1.0,0.0,0.0,0.0,1.0,1.0,2.0,0.0,0.0
661,0.0,0.0,0.0,0.0,1.0,1.0,1.0,0.0,0.0,1.0
662,0.0,0.0,0.0,1.0,0.0,1.0,0.0,0.0,0.0,3.0
663,0.0,2.0,0.0,2.0,0.0,0.0,0.0,0.0,2.0,0.0
664,0.0,0.0,3.0,1.0,0.0,2.0,0.0,3.0,0.0,0.0
665,0.0,2.0,0.0,1.0,1.0,5.0,2.0,1.0,0.0,2.0
666,0.0,0.0,2.0,2.0,2.0,1.0,1.0,0.0,1.0,2.0
667,0.0,1.0,0.0,0.0,2.0,2.0,2.0,0.0,0.0,4.0
668,1.0,1.0,0.0,0.0,1.0,2.0,0.0,1.0,0.0,0.0
669,2.0,0.0,2.0,1.0,2.0,2.0,2.0,0.0,2.0,1.0
670,1.0,2.0,1.0,1.0,0.0,1.0,2.0,1.0,0.0,2.0
671,1.0,1.0,0.0,0.0,1.0,2.0,0.0,2.0,0.0,1.0
672,0.0,0.0,3.0,0.0,0.0,0.0,2.0,1.0,0.0,2.0
673,0.0,0.0,0.0,0.0,0.0,1.0,0.0,1.0,1.0,2.0
674,0.0,0.0,0.0,0.0,0.0,0.0,0.0,0.0,0.0,1.0
675,0.0,0.0,0.0,0.0,2.0,0.0,1.0,0.0,0.0,0.0
676,1.0,0.0,0.0,0.0,1.0,0.0,0.0,0.0,0.0,0.0
677,0.0,0.0,0.0,1.0,0.0,0.0,0.0,0.0,0.0,0.0
678,0.0,0.0,0.0,0.0,2.0,3.0,1.0,1.0,2.0,2.0
679,1.0,0.0,1.0,1.0,1.0,2.0,0.0,1.0,2.0,4.0
680,2.0,0.0,0.0,0.0,2.0,4.0,2.0,1.0,0.0,1.0
681,0.0,0.0,0.0,0.0,0.0,0.0,0.0,0.0,0.0,2.0
682,2.0,1.0,2.0,0.0,2.0,0.0,0.0,0.0,0.0,1.0
683,2.0,1.0,0.0,0.0,2.0,0.0,1.0,1.0,0.0,2.0
684,0.0,2.0,1.0,2.0,2.0,1.0,0.0,0.0,0.0,2.0
685,0.0,0.0,2.0,2.0,0.0,0.0,1.0,0.0,1.0,2.0
686,0.0,0.0,0.0,0.0,0.0,0.0,0.0,0.0,1.0,0.0
687,1.0,0.0,1.0,1.0,0.0,2.0,0.0,0.0,1.0,2.0
688,0.0,2.0,1.0,0.0,2.0,1.0,1.0,1.0,2.0,1.0
689,1.0,1.0,0.0,1.0,2.0,2.0,1.0,3.0,0.0,2.0
690,0.0,1.0,2.0,2.0,5.0,5.0,5.0,1.0,2.0,4.0
691,1.0,0.0,0.0,1.0,1.0,1.0,1.0,5.0,0.0,1.0
692,0.0,0.0,0.0,0.0,1.0,0.0,2.0,3.0,2.0,1.0
693,2.0,3.0,1.0,1.0,1.0,1.0,3.0,1.0,1.0,2.0
694,3.0,1.0,0.0,1.0,2.0,3.0,0.0,4.0,4.0,2.0
695,1.0,1.0,0.0,1.0,0.0,3.0,2.0,1.0,1.0,0.0
696,1.0,0.0,0.0,0.0,2.0,1.0,1.0,2.0,0.0,1.0
697,0.0,0.0,0.0,2.0,1.0,1.0,1.0,0.0,1.0,1.0
698,1.0,1.0,0.0,0.0,0.0,0.0,0.0,0.0,0.0,0.0
699,0.0,0.0,0.0,1.0,2.0,0.0,1.0,3.0,0.0,0.0
700,0.0,2.0,0.0,0.0,0.0,0.0,0.0,0.0,0.0,0.0
701,0.0,0.0,1.0,0.0,0.0,1.0,0.0,0.0,0.0,0.0
702,1.0,0.0,0.0,0.0,2.0,1.0,1.0,1.0,1.0,0.0
703,0.0,0.0,1.0,0.0,1.0,1.0,0.0,0.0,0.0,3.0
704,1.0,0.0,1.0,1.0,2.0,3.0,1.0,1.0,1.0,2.0
705,1.0,0.0,0.0,0.0,3.0,2.0,1.0,3.0,0.0,2.0
706,1.0,1.0,2.0,1.0,4.0,1.0,1.0,2.0,2.0,3.0
707,0.0,0.0,2.0,0.0,2.0,3.0,1.0,0.0,0.0,2.0
708,2.0,1.0,0.0,4.0,1.0,3.0,5.0,2.0,0.0,2.0
709,1.0,3.0,0.0,1.0,2.0,1.0,0.0,1.0,2.0,3.0
710,1.0,0.0,1.0,1.0,2.0,3.0,2.0,2.0,0.0,7.0
711,0.0,1.0,0.0,0.0,3.0,1.0,0.0,1.0,0.0,7.0
712,0.0,0.0,1.0,0.0,2.0,3.0,1.0,2.0,2.0,5.0
713,1.0,1.0,2.0,2.0,2.0,4.0,2.0,1.0,3.0,5.0
714,0.0,0.0,0.0,0.0,0.0,0.0,3.0,2.0,1.0,2.0
715,0.0,0.0,0.0,0.0,1.0,2.0,2.0,1.0,0.0,1.0
716,2.0,2.0,1.0,2.0,0.0,3.0,0.0,2.0,1.0,3.0
717,1.0,1.0,5.0,2.0,3.0,3.0,5.0,2.0,0.0,5.0
718,0.0,1.0,1.0,3.0,2.0,4.0,4.0,0.0,0.0,5.0
719,1.0,1.0,1.0,1.0,2.0,0.0,2.0,5.0,2.0,4.0
720,1.0,0.0,1.0,0.0,1.0,0.0,1.0,0.0,1.0,1.0
721,2.0,1.0,1.0,0.0,2.0,2.0,4.0,0.0,0.0,2.0
722,1.0,1.0,0.0,1.0,0.0,0.0,2.0,1.0,1.0,2.0
723,0.0,0.0,0.0,0.0,3.0,1.0,0.0,0.0,0.0,1.0
724,0.0,0.0,0.0,0.0,1.0,0.0,1.0,0.0,0.0,0.0
725,0.0,0.0,2.0,0.0,0.0,0.0,0.0,0.0,2.0,1.0
726,1.0,0.0,0.0,0.0,1.0,1.0,1.0,1.0,1.0,2.0
727,0.0,0.0,0.0,1.0,0.0,1.0,0.0,0.0,0.0,1.0
728,1.0,0.0,0.0,0.0,1.0,2.0,0.0,1.0,0.0,3.0
729,0.0,0.0,0.0,1.0,3.0,2.0,0.0,3.0,0.0,2.0
730,1.0,0.0,2.0,1.0,2.0,4.0,0.0,1.0,0.0,1.0
731,1.0,3.0,0.0,2.0,4.0,1.0,4.0,4.0,0.0,3.0
732,1.0,0.0,1.0,0.0,0.0,4.0,1.0,0.0,1.0,3.0
733,0.0,0.0,2.0,0.0,0.0,2.0,3.0,1.0,0.0,2.0
734,0.0,1.0,0.0,0.0,2.0,1.0,2.0,1.0,2.0,1.0
735,1.0,2.0,1.0,0.0,1.0,0.0,2.0,3.0,2.0,3.0
736,1.0,2.0,1.0,0.0,3.0,4.0,1.0,0.0,0.0,5.0
737,3.0,2.0,1.0,0.0,4.0,2.0,0.0,2.0,2.0,3.0
738,1.0,0.0,3.0,1.0,3.0,1.0,2.0,2.0,2.0,3.0
739,3.0,1.0,0.0,1.0,2.0,3.0,2.0,1.0,4.0,6.0
740,0.0,0.0,4.0,1.0,1.0,2.0,1.0,6.0,2.0,2.0
741,1.0,0.0,2.0,1.0,6.0,2.0,0.0,3.0,4.0,4.0
742,1.0,0.0,2.0,4.0,2.0,1.0,1.0,2.0,2.0,3.0
743,1.0,0.0,0.0,0.0,1.0,1.0,2.0,2.0,1.0,3.0
744,0.0,0.0,0.0,0.0,2.0,0.0,0.0,1.0,1.0,3.0
745,0.0,1.0,0.0,0.0,1.0,0.0,0.0,0.0,0.0,2.0
746,0.0,0.0,0.0,0.0,1.0,0.0,0.0,1.0,0.0,1.0
747,2.0,0.0,0.0,0.0,0.0,1.0,0.0,0.0,0.0,1.0
748,0.0,0.0,0.0,1.0,1.0,0.0,0.0,0.0,0.0,2.0
749,0.0,0.0,0.0,0.0,0.0,0.0,0.0,0.0,0.0,0.0
750,2.0,0.0,1.0,0.0,2.0,3.0,4.0,1.0,1.0,2.0
751,0.0,0.0,0.0,1.0,1.0,3.0,1.0,0.0,1.0,0.0
752,0.0,0.0,0.0,0.0,1.0,0.0,2.0,0.0,1.0,3.0
753,0.0,1.0,1.0,0.0,2.0,2.0,2.0,0.0,0.0,1.0
754,2.0,1.0,1.0,1.0,0.0,0.0,1.0,0.0,1.0,2.0
755,0.0,0.0,0.0,0.0,0.0,1.0,0.0,0.0,0.0,0.0
756,1.0,0.0,0.0,2.0,0.0,0.0,0.0,0.0,0.0,2.0
757,0.0,0.0,0.0,1.0,2.0,0.0,0.0,0.0,0.0,1.0
758,0.0,2.0,1.0,0.0,1.0,1.0,0.0,1.0,0.0,0.0
759,0.0,0.0,0.0,0.0,0.0,2.0,0.0,0.0,0.0,1.0
760,0.0,0.0,0.0,0.0,1.0,0.0,2.0,0.0,1.0,2.0
761,0.0,1.0,0.0,0.0,2.0,0.0,0.0,3.0,1.0,2.0
762,1.0,1.0,1.0,0.0,2.0,0.0,0.0,1.0,1.0,2.0
763,0.0,0.0,0.0,1.0,1.0,1.0,1.0,0.0,0.0,1.0
764,1.0,0.0,0.0,0.0,4.0,1.0,2.0,2.0,0.0,2.0
765,0.0,1.0,3.0,2.0,1.0,1.0,0.0,3.0,2.0,2.0
766,0.0,1.0,1.0,0.0,1.0,2.0,0.0,1.0,2.0,3.0
767,0.0,2.0,1.0,0.0,1.0,1.0,2.0,0.0,1.0,4.0
768,0.0,0.0,0.0,0.0,1.0,0.0,0.0,0.0,0.0,2.0
769,0.0,1.0,0.0,0.0,1.0,0.0,0.0,0.0,0.0,0.0
770,0.0,0.0,0.0,0.0,0.0,0.0,1.0,1.0,0.0,0.0
771,0.0,0.0,0.0,0.0,0.0,0.0,0.0,0.0,1.0,0.0
772,0.0,0.0,1.0,0.0,0.0,0.0,0.0,0.0,0.0,0.0
773,1.0,0.0,0.0,0.0,0.0,0.0,0.0,0.0,1.0,0.0
774,2.0,1.0,0.0,0.0,4.0,3.0,1.0,2.0,1.0,1.0
775,1.0,1.0,2.0,0.0,0.0,4.0,0.0,0.0,0.0,1.0
776,0.0,0.0,1.0,0.0,3.0,1.0,1.0,2.0,0.0,2.0
777,0.0,0.0,0.0,0.0,1.0,1.0,4.0,0.0,0.0,2.0
778,2.0,0.0,1.0,0.0,0.0,0.0,0.0,1.0,0.0,1.0
779,0.0,0.0,1.0,0.0,2.0,1.0,1.0,0.0,1.0,2.0
780,1.0,0.0,1.0,0.0,0.0,0.0,0.0,1.0,0.0,1.0
781,0.0,0.0,0.0,0.0,1.0,3.0,0.0,0.0,0.0,3.0
782,0.0,0.0,1.0,0.0,1.0,0.0,0.0,0.0,0.0,1.0
783,0.0,0.0,0.0,1.0,3.0,0.0,0.0,0.0,2.0,0.0
784,0.0,0.0,0.0,0.0,2.0,0.0,2.0,0.0,1.0,0.0
785,1.0,2.0,0.0,0.0,3.0,1.0,1.0,2.0,0.0,1.0
786,0.0,0.0,4.0,0.0,2.0,1.0,0.0,1.0,0.0,4.0
787,1.0,0.0,0.0,0.0,2.0,2.0,2.0,4.0,0.0,3.0
788,1.0,0.0,1.0,0.0,3.0,1.0,2.0,5.0,1.0,1.0
789,1.0,0.0,1.0,3.0,0.0,1.0,0.0,1.0,2.0,0.0
790,1.0,1.0,1.0,1.0,4.0,1.0,0.0,1.0,2.0,2.0
791,0.0,0.0,0.0,1.0,1.0,0.0,0.0,2.0,0.0,1.0
792,0.0,0.0,0.0,0.0,0.0,0.0,1.0,1.0,0.0,3.0
793,0.0,0.0,1.0,0.0,0.0,0.0,0.0,0.0,0.0,0.0
794,0.0,0.0,0.0,0.0,0.0,0.0,0.0,0.0,0.0,1.0
795,1.0,0.0,0.0,0.0,1.0,0.0,0.0,1.0,0.0,0.0
796,1.0,0.0,0.0,0.0,1.0,0.0,0.0,0.0,0.0,0.0
797,2.0,0.0,0.0,1.0,0.0,0.0,0.0,0.0,0.0,1.0
798,0.0,1.0,0.0,0.0,1.0,5.0,2.0,1.0,1.0,2.0
799,0.0,0.0,0.0,0.0,0.0,2.0,1.0,1.0,1.0,1.0
800,0.0,1.0,0.0,1.0,3.0,5.0,1.0,0.0,0.0,1.0
801,1.0,1.0,1.0,1.0,3.0,1.0,3.0,0.0,0.0,2.0
802,0.0,2.0,1.0,0.0,1.0,0.0,1.0,0.0,1.0,0.0
803,0.0,1.0,1.0,1.0,0.0,3.0,0.0,0.0,0.0,6.0
804,0.0,0.0,0.0,1.0,2.0,1.0,0.0,0.0,0.0,2.0
805,0.0,0.0,1.0,0.0,1.0,1.0,2.0,1.0,0.0,3.0
806,0.0,0.0,0.0,0.0,0.0,1.0,0.0,1.0,0.0,1.0
807,1.0,0.0,1.0,2.0,2.0,0.0,1.0,1.0,1.0,2.0
808,2.0,0.0,1.0,1.0,1.0,1.0,1.0,1.0,0.0,1.0
809,1.0,1.0,1.0,0.0,4.0,0.0,0.0,2.0,0.0,2.0
810,0.0,1.0,0.0,0.0,1.0,3.0,2.0,1.0,1.0,4.0
811,2.0,0.0,1.0,0.0,3.0,1.0,3.0,1.0,1.0,3.0
812,1.0,0.0,1.0,1.0,1.0,1.0,2.0,0.0,0.0,0.0
813,0.0,1.0,0.0,2.0,1.0,2.0,2.0,1.0,2.0,2.0
814,1.0,0.0,0.0,0.0,1.0,1.0,1.0,1.0,1.0,0.0
815,0.0,0.0,2.0,0.0,3.0,1.0,0.0,2.0,1.0,2.0
816,0.0,0.0,0.0,0.0,0.0,0.0,0.0,0.0,0.0,1.0
817,0.0,0.0,1.0,0.0,0.0,0.0,0.0,0.0,0.0,0.0
818,0.0,0.0,0.0,0.0,0.0,0.0,1.0,1.0,0.0,0.0
819,0.0,0.0,0.0,0.0,1.0,0.0,0.0,0.0,0.0,0.0
820,0.0,0.0,0.0,0.0,0.0,0.0,0.0,0.0,0.0,0.0
821,0.0,0.0,0.0,1.0,0.0,0.0,0.0,0.0,0.0,1.0
822,1.0,0.0,1.0,0.0,3.0,4.0,2.0,1.0,0.0,5.0
823,0.0,0.0,0.0,0.0,0.0,4.0,2.0,0.0,3.0,3.0
824,2.0,0.0,1.0,0.0,4.0,1.0,2.0,0.0,1.0,1.0
825,1.0,1.0,0.0,1.0,2.0,0.0,0.0,2.0,0.0,4.0
826,1.0,0.0,0.0,0.0,1.0,0.0,0.0,0.0,1.0,2.0
827,1.0,3.0,0.0,2.0,0.0,0.0,1.0,1.0,0.0,4.0
828,0.0,0.0,0.0,1.0,1.0,0.0,0.0,0.0,0.0,1.0
829,0.0,0.0,0.0,0.0,1.0,2.0,0.0,0.0,0.0,0.0
830,1.0,0.0,3.0,1.0,1.0,0.0,1.0,0.0,0.0,1.0
831,0.0,1.0,1.0,1.0,1.0,1.0,1.0,1.0,1.0,1.0
832,0.0,0.0,0.0,0.0,1.0,1.0,1.0,2.0,1.0,1.0
833,1.0,0.0,1.0,0.0,3.0,3.0,1.0,2.0,1.0,2.0
834,0.0,0.0,0.0,0.0,4.0,2.0,2.0,1.0,0.0,1.0
835,0.0,0.0,0.0,0.0,3.0,0.0,1.0,3.0,0.0,2.0
836,0.0,0.0,1.0,0.0,3.0,2.0,0.0,3.0,1.0,1.0
837,2.0,1.0,0.0,1.0,1.0,1.0,1.0,1.0,3.0,3.0
838,1.0,0.0,2.0,1.0,1.0,0.0,3.0,1.0,0.0,1.0
839,0.0,0.0,1.0,0.0,0.0,4.0,0.0,1.0,0.0,2.0
840,0.0,0.0,2.0,1.0,0.0,1.0,0.0,0.0,0.0,1.0
841,1.0,1.0,0.0,0.0,1.0,0.0,1.0,1.0,0.0,0.0
842,0.0,0.0,0.0,0.0,0.0,0.0,0.0,0.0,0.0,0.0
843,0.0,0.0,0.0,1.0,0.0,0.0,0.0,0.0,0.0,0.0
844,0.0,0.0,0.0,0.0,1.0,0.0,0.0,0.0,0.0,0.0
845,0.0,0.0,1.0,1.0,0.0,0.0,0.0,0.0,0.0,1.0
846,0.0,0.0,0.0,1.0,3.0,4.0,0.0,2.0,1.0,1.0
847,0.0,1.0,1.0,1.0,1.0,5.0,3.0,0.0,1.0,4.0
848,1.0,0.0,0.0,0.0,2.0,3.0,2.0,0.0,0.0,4.0
849,0.0,0.0,0.0,0.0,1.0,0.0,1.0,2.0,0.0,4.0
850,1.0,3.0,2.0,0.0,1.0,0.0,1.0,0.0,0.0,2.0
851,0.0,1.0,0.0,0.0,0.0,2.0,2.0,4.0,0.0,4.0
852,0.0,0.0,1.0,2.0,2.0,1.0,0.0,0.0,0.0,0.0
853,0.0,0.0,1.0,0.0,1.0,0.0,3.0,2.0,0.0,1.0
854,0.0,0.0,0.0,1.0,0.0,0.0,0.0,0.0,0.0,1.0
855,0.0,0.0,0.0,0.0,3.0,1.0,0.0,0.0,1.0,2.0
856,0.0,0.0,1.0,0.0,0.0,0.0,1.0,0.0,1.0,2.0
857,1.0,1.0,1.0,1.0,1.0,0.0,4.0,1.0,0.0,3.0
858,0.0,2.0,0.0,0.0,0.0,0.0,2.0,3.0,0.0,4.0
859,4.0,1.0,0.0,1.0,1.0,5.0,2.0,1.0,2.0,4.0
860,1.0,0.0,2.0,0.0,2.0,3.0,0.0,2.0,0.0,0.0
861,1.0,3.0,0.0,1.0,3.0,1.0,3.0,3.0,2.0,3.0
862,3.0,2.0,0.0,1.0,2.0,1.0,1.0,1.0,2.0,3.0
863,1.0,1.0,1.0,1.0,3.0,1.0,1.0,1.0,0.0,4.0
864,1.0,1.0,2.0,0.0,0.0,1.0,3.0,1.0,0.0,5.0
865,0.0,0.0,0.0,2.0,1.0,0.0,2.0,0.0,2.0,0.0
866,1.0,1.0,1.0,0.0,2.0,0.0,0.0,1.0,1.0,1.0
867,0.0,0.0,0.0,2.0,0.0,0.0,0.0,0.0,0.0,2.0
868,0.0,0.0,1.0,0.0,1.0,0.0,1.0,0.0,0.0,0.0
869,1.0,0.0,2.0,0.0,0.0,1.0,0.0,0.0,0.0,2.0
870,0.0,1.0,0.0,0.0,2.0,2.0,0.0,1.0,0.0,2.0
871,0.0,0.0,1.0,1.0,0.0,1.0,2.0,1.0,0.0,1.0
872,1.0,0.0,0.0,1.0,2.0,1.0,1.0,0.0,1.0,4.0
873,0.0,0.0,0.0,0.0,2.0,4.0,3.0,0.0,0.0,4.0
874,0.0,0.0,0.0,2.0,4.0,4.0,0.0,2.0,2.0,3.0
875,2.0,2.0,1.0,0.0,3.0,3.0,2.0,2.0,0.0,3.0
876,2.0,1.0,1.0,1.0,0.0,5.0,3.0,4.0,2.0,1.0
877,0.0,0.0,3.0,0.0,4.0,1.0,3.0,4.0,1.0,2.0
878,0.0,0.0,1.0,1.0,1.0,2.0,4.0,1.0,1.0,4.0
879,1.0,0.0,1.0,0.0,3.0,2.0,4.0,3.0,3.0,7.0
880,1.0,0.0,2.0,0.0,1.0,5.0,3.0,3.0,0.0,4.0
881,0.0,3.0,1.0,0.0,1.0,2.0,3.0,1.0,1.0,3.0
882,1.0,2.0,0.0,1.0,5.0,3.0,3.0,1.0,0.0,2.0
883,1.0,2.0,1.0,0.0,5.0,3.0,3.0,0.0,1.0,2.0
884,1.0,0.0,1.0,2.0,0.0,2.0,1.0,0.0,2.0,7.0
885,0.0,2.0,2.0,0.0,3.0,5.0,1.0,2.0,2.0,3.0
886,1.0,1.0,0.0,1.0,3.0,2.0,1.0,2.0,2.0,3.0
887,0.0,2.0,1.0,0.0,4.0,6.0,1.0,1.0,0.0,2.0
888,2.0,0.0,2.0,1.0,1.0,0.0,0.0,1.0,0.0,4.0
889,0.0,0.0,0.0,0.0,2.0,0.0,0.0,0.0,1.0,1.0
890,0.0,0.0,0.0,0.0,0.0,1.0,1.0,2.0,1.0,1.0
891,1.0,0.0,1.0,0.0,2.0,0.0,1.0,0.0,0.0,1.0
892,0.0,0.0,0.0,0.0,1.0,0.0,1.0,0.0,0.0,0.0
893,0.0,0.0,0.0,0.0,0.0,0.0,0.0,0.0,0.0,0.0
894,0.0,1.0,0.0,0.0,0.0,2.0,1.0,1.0,0.0,1.0
895,0.0,1.0,1.0,1.0,0.0,1.0,1.0,0.0,0.0,2.0
896,2.0,2.0,3.0,1.0,1.0,1.0,1.0,0.0,1.0,2.0
897,0.0,0.0,0.0,0.0,4.0,2.0,1.0,0.0,1.0,2.0
898,4.0,1.0,0.0,0.0,3.0,1.0,2.0,2.0,0.0,6.0
899,2.0,0.0,0.0,2.0,1.0,2.0,3.0,2.0,1.0,3.0
900,1.0,0.0,0.0,0.0,2.0,2.0,2.0,2.0,0.0,4.0
901,2.0,2.0,0.0,0.0,1.0,0.0,2.0,1.0,1.0,1.0
902,2.0,0.0,1.0,2.0,1.0,2.0,3.0,2.0,1.0,4.0
903,0.0,0.0,0.0,2.0,1.0,7.0,0.0,0.0,2.0,2.0
904,2.0,2.0,2.0,0.0,4.0,2.0,1.0,1.0,0.0,3.0
905,3.0,1.0,1.0,0.0,2.0,5.0,2.0,1.0,2.0,3.0
906,3.0,0.0,2.0,2.0,0.0,3.0,0.0,0.0,1.0,2.0
907,2.0,1.0,2.0,0.0,4.0,5.0,4.0,3.0,4.0,0.0
908,2.0,1.0,3.0,0.0,3.0,1.0,2.0,2.0,3.0,0.0
909,2.0,1.0,0.0,2.0,2.0,2.0,4.0,1.0,1.0,4.0
910,0.0,1.0,1.0,2.0,2.0,1.0,0.0,2.0,1.0,7.0
911,0.0,1.0,1.0,0.0,0.0,2.0,2.0,0.0,1.0,3.0
912,0.0,0.0,0.0,1.0,0.0,0.0,2.0,1.0,0.0,2.0
913,0.0,0.0,1.0,0.0,0.0,0.0,0.0,0.0,0.0,0.0
914,0.0,0.0,1.0,0.0,0.0,0.0,0.0,0.0,0.0,0.0
915,0.0,0.0,0.0,0.0,0.0,0.0,0.0,0.0,0.0,0.0
916,0.0,0.0,1.0,1.0,2.0,0.0,0.0,1.0,1.0,1.0
917,0.0,1.0,0.0,0.0,0.0,2.0,0.0,0.0,0.0,0.0
918,0.0,1.0,0.0,0.0,0.0,1.0,1.0,2.0,1.0,2.0
919,1.0,2.0,1.0,0.0,0.0,3.0,2.0,0.0,2.0,2.0
920,0.0,0.0,0.0,0.0,0.0,1.0,2.0,1.0,0.0,3.0
921,0.0,0.0,1.0,0.0,1.0,1.0,0.0,0.0,1.0,0.0
922,0.0,0.0,0.0,1.0,0.0,1.0,1.0,0.0,0.0,3.0
923,0.0,0.0,0.0,0.0,1.0,1.0,0.0,0.0,0.0,2.0
924,1.0,1.0,0.0,0.0,2.0,1.0,1.0,0.0,0.0,3.0
925,1.0,0.0,0.0,0.0,1.0,0.0,0.0,1.0,1.0,0.0
926,0.0,0.0,0.0,0.0,0.0,0.0,0.0,1.0,0.0,0.0
927,0.0,0.0,2.0,0.0,1.0,0.0,1.0,2.0,0.0,0.0
928,0.0,0.0,1.0,0.0,0.0,1.0,1.0,2.0,2.0,1.0
929,1.0,0.0,1.0,1.0,2.0,2.0,1.0,2.0,1.0,1.0
930,2.0,0.0,0.0,1.0,4.0,1.0,1.0,0.0,3.0,3.0
931,0.0,1.0,1.0,0.0,3.0,1.0,2.0,0.0,0.0,3.0
932,0.0,1.0,0.0,0.0,2.0,0.0,1.0,2.0,1.0,1.0
933,0.0,0.0,0.0,4.0,1.0,1.0,0.0,1.0,1.0,2.0
934,1.0,1.0,0.0,0.0,1.0,3.0,1.0,1.0,0.0,1.0
935,0.0,0.0,0.0,0.0,1.0,1.0,0.0,1.0,0.0,2.0
936,1.0,0.0,0.0,0.0,0.0,0.0,0.0,0.0,1.0,0.0
937,0.0,0.0,0.0,0.0,1.0,0.0,0.0,2.0,0.0,1.0
938,0.0,0.0,0.0,0.0,0.0,0.0,0.0,1.0,0.0,0.0
939,0.0,0.0,0.0,0.0,1.0,0.0,0.0,0.0,0.0,0.0
940,0.0,0.0,0.0,0.0,0.0,0.0,0.0,0.0,1.0,0.0
941,0.0,0.0,0.0,1.0,0.0,1.0,0.0,0.0,0.0,1.0
942,1.0,1.0,0.0,0.0,2.0,1.0,1.0,1.0,3.0,2.0
943,2.0,1.0,2.0,0.0,0.0,1.0,2.0,0.0,1.0,3.0
944,0.0,3.0,0.0,1.0,1.0,3.0,1.0,0.0,0.0,2.0
945,0.0,1.0,0.0,2.0,2.0,0.0,0.0,1.0,1.0,0.0
946,0.0,1.0,1.0,0.0,0.0,0.0,0.0,1.0,0.0,3.0
947,0.0,1.0,2.0,0.0,1.0,1.0,1.0,3.0,0.0,3.0
948,0.0,0.0,0.0,0.0,3.0,0.0,0.0,1.0,0.0,2.0
949,0.0,0.0,0.0,1.0,1.0,0.0,0.0,0.0,0.0,2.0
950,0.0,0.0,0.0,1.0,0.0,0.0,0.0,1.0,0.0,1.0
951,1.0,0.0,1.0,0.0,0.0,1.0,0.0,2.0,1.0,0.0
952,0.0,0.0,0.0,0.0,0.0,3.0,2.0,1.0,1.0,0.0
953,0.0,1.0,2.0,1.0,1.0,1.0,2.0,1.0,1.0,2.0
954,1.0,2.0,1.0,0.0,4.0,2.0,1.0,2.0,1.0,0.0
955,0.0,0.0,1.0,2.0,3.0,4.0,2.0,0.0,0.0,1.0
956,1.0,0.0,0.0,0.0,2.0,2.0,1.0,1.0,0.0,3.0
957,1.0,1.0,1.0,2.0,1.0,0.0,1.0,2.0,0.0,2.0
958,2.0,0.0,0.0,2.0,1.0,2.0,0.0,2.0,1.0,1.0
959,0.0,0.0,1.0,0.0,0.0,1.0,2.0,2.0,0.0,0.0
960,0.0,0.0,0.0,0.0,1.0,0.0,0.0,1.0,0.0,0.0
961,0.0,0.0,0.0,0.0,1.0,1.0,0.0,0.0,0.0,2.0
962,0.0,1.0,0.0,0.0,0.0,0.0,0.0,0.0,0.0,2.0
963,0.0,0.0,0.0,0.0,0.0,0.0,0.0,0.0,0.0,0.0
964,0.0,0.0,0.0,0.0,1.0,0.0,0.0,0.0,1.0,0.0
965,0.0,0.0,0.0,1.0,0.0,1.0,0.0,0.0,0.0,0.0
966,3.0,0.0,0.0,0.0,0.0,2.0,0.0,2.0,2.0,1.0
967,1.0,0.0,2.0,0.0,0.0,4.0,2.0,0.0,2.0,2.0
968,0.0,2.0,1.0,2.0,2.0,2.0,3.0,1.0,0.0,2.0
969,1.0,0.0,0.0,0.0,3.0,0.0,1.0,1.0,0.0,0.0
970,0.0,0.0,1.0,0.0,2.0,2.0,2.0,1.0,0.0,3.0
971,0.0,0.0,0.0,0.0,2.0,0.0,1.0,0.0,0.0,0.0
972,1.0,2.0,0.0,0.0,3.0,1.0,1.0,2.0,1.0,0.0
973,0.0,2.0,1.0,1.0,0.0,2.0,2.0,2.0,0.0,2.0
974,0.0,0.0,2.0,0.0,2.0,1.0,1.0,1.0,1.0,1.0
975,1.0,0.0,0.0,1.0,0.0,1.0,1.0,1.0,1.0,2.0
976,0.0,0.0,1.0,2.0,1.0,2.0,2.0,2.0,1.0,0.0
977,1.0,0.0,1.0,0.0,1.0,3.0,1.0,3.0,2.0,2.0
978,0.0,0.0,0.0,1.0,0.0,0.0,2.0,2.0,2.0,2.0
979,0.0,0.0,1.0,1.0,0.0,2.0,0.0,5.0,1.0,3.0
980,1.0,0.0,0.0,0.0,1.0,4.0,2.0,0.0,2.0,3.0
981,1.0,2.0,1.0,1.0,0.0,1.0,2.0,3.0,0.0,2.0
982,2.0,0.0,0.0,1.0,4.0,2.0,0.0,0.0,0.0,3.0
983,1.0,0.0,0.0,0.0,2.0,2.0,1.0,3.0,1.0,0.0
984,1.0,0.0,2.0,0.0,0.0,0.0,1.0,1.0,0.0,1.0
985,1.0,0.0,0.0,0.0,1.0,0.0,2.0,2.0,0.0,0.0
986,0.0,1.0,1.0,0.0,0.0,0.0,1.0,0.0,0.0,2.0
987,0.0,1.0,0.0,1.0,2.0,0.0,0.0,1.0,0.0,2.0
988,0.0,0.0,0.0,0.0,0.0,2.0,0.0,2.0,0.0,0.0
989,0.0,0.0,0.0,1.0,1.0,0.0,1.0,0.0,0.0,0.0
990,0.0,0.0,1.0,0.0,1.0,3.0,0.0,0.0,0.0,0.0
991,0.0,1.0,0.0,2.0,1.0,0.0,2.0,1.0,1.0,0.0
992,2.0,1.0,0.0,0.0,1.0,1.0,1.0,0.0,0.0,2.0
993,1.0,0.0,1.0,0.0,2.0,0.0,1.0,1.0,2.0,3.0
994,2.0,2.0,2.0,1.0,1.0,3.0,4.0,2.0,3.0,2.0
995,1.0,0.0,1.0,1.0,3.0,5.0,1.0,3.0,1.0,1.0
996,1.0,1.0,2.0,1.0,4.0,4.0,1.0,3.0,0.0,4.0
997,1.0,0.0,0.0,1.0,4.0,5.0,1.0,0.0,0.0,1.0
998,1.0,0.0,1.0,1.0,1.0,3.0,1.0,1.0,1.0,3.0
999,1.0,1.0,2.0,1.0,1.0,2.0,1.0,1.0,1.0,3.0
1000,0.0,1.0,0.0,1.0,1.0,2.0,1.0,2.0,0.0,2.0
1001,0.0,1.0,0.0,3.0,0.0,3.0,1.0,0.0,0.0,2.0
1002,1.0,1.0,1.0,0.0,4.0,3.0,2.0,2.0,2.0,3.0
1003,3.0,0.0,1.0,2.0,5.0,2.0,2.0,1.0,2.0,1.0
1004,0.0,1.0,1.0,0.0,3.0,4.0,1.0,1.0,2.0,2.0
1005,2.0,1.0,3.0,0.0,1.0,1.0,0.0,2.0,2.0,0.0
1006,0.0,1.0,2.0,0.0,2.0,3.0,3.0,0.0,1.0,2.0
1007,0.0,0.0,0.0,2.0,4.0,1.0,0.0,1.0,1.0,3.0
1008,0.0,0.0,1.0,1.0,0.0,1.0,1.0,0.0,0.0,3.0
1009,1.0,0.0,0.0,0.0,0.0,0.0,0.0,0.0,0.0,1.0
1010,0.0,0.0,0.0,0.0,0.0,0.0,1.0,1.0,0.0,0.0
1011,0.0,0.0,0.0,0.0,0.0,1.0,0.0,0.0,0.0,0.0
1012,0.0,0.0,0.0,0.0,1.0,0.0,0.0,0.0,0.0,1.0
1013,0.0,0.0,0.0,1.0,1.0,0.0,0.0,0.0,0.0,0.0
1014,0.0,0.0,0.0,1.0,1.0,2.0,1.0,2.0,2.0,2.0
1015,1.0,3.0,0.0,0.0,4.0,1.0,1.0,1.0,1.0,2.0
1016,1.0,1.0,2.0,0.0,2.0,1.0,0.0,1.0,0.0,3.0
1017,1.0,0.0,1.0,0.0,1.0,1.0,1.0,1.0,0.0,2.0
1018,0.0,1.0,0.0,1.0,1.0,0.0,2.0,0.0,0.0,5.0
1019,0.0,0.0,0.0,0.0,3.0,0.0,2.0,0.0,0.0,1.0
1020,1.0,2.0,2.0,1.0,0.0,0.0,0.0,3.0,0.0,1.0
1021,0.0,0.0,0.0,1.0,1.0,2.0,2.0,0.0,0.0,1.0
1022,0.0,1.0,0.0,1.0,0.0,0.0,0.0,0.0,0.0,1.0
1023,1.0,0.0,0.0,0.0,0.0,3.0,0.0,0.0,1.0,3.0
1024,1.0,1.0,0.0,0.0,1.0,3.0,2.0,0.0,2.0,3.0
1025,1.0,2.0,1.0,1.0,3.0,3.0,4.0,2.0,3.0,4.0
1026,0.0,0.0,0.0,2.0,1.0,3.0,5.0,1.0,2.0,3.0
1027,1.0,1.0,0.0,1.0,3.0,1.0,2.0,2.0,0.0,1.0
1028,1.0,1.0,1.0,1.0,2.0,2.0,2.0,1.0,0.0,1.0
1029,2.0,0.0,0.0,0.0,2.0,2.0,0.0,2.0,1.0,3.0
1030,0.0,1.0,0.0,0.0,6.0,1.0,0.0,2.0,3.0,1.0
1031,0.0,1.0,0.0,0.0,1.0,2.0,2.0,0.0,1.0,2.0
1032,0.0,0.0,2.0,0.0,2.0,1.0,1.0,1.0,0.0,0.0
1033,0.0,1.0,0.0,0.0,0.0,1.0,2.0,1.0,0.0,2.0
1034,0.0,0.0,1.0,0.0,0.0,0.0,1.0,1.0,0.0,0.0
1035,1.0,0.0,0.0,0.0,0.0,0.0,0.0,1.0,0.0,0.0
1036,0.0,0.0,0.0,0.0,1.0,0.0,1.0,0.0,0.0,1.0
1037,0.0,0.0,1.0,0.0,0.0,0.0,0.0,0.0,0.0,0.0
1038,0.0,0.0,0.0,0.0,1.0,0.0,1.0,0.0,0.0,3.0
1039,0.0,2.0,1.0,1.0,0.0,3.0,2.0,1.0,1.0,0.0
1040,2.0,0.0,0.0,1.0,3.0,0.0,2.0,1.0,1.0,1.0
1041,1.0,0.0,0.0,1.0,1.0,3.0,0.0,1.0,2.0,2.0
1042,1.0,2.0,1.0,1.0,1.0,7.0,0.0,1.0,0.0,3.0
1043,2.0,0.0,3.0,0.0,3.0,2.0,3.0,0.0,1.0,3.0
1044,0.0,0.0,1.0,2.0,2.0,1.0,3.0,2.0,0.0,2.0
1045,1.0,0.0,1.0,2.0,3.0,3.0,1.0,0.0,0.0,2.0
1046,0.0,1.0,1.0,1.0,1.0,4.0,1.0,2.0,0.0,4.0
1047,0.0,2.0,0.0,0.0,0.0,3.0,1.0,0.0,1.0,2.0
1048,1.0,1.0,1.0,1.0,4.0,1.0,0.0,3.0,0.0,2.0
1049,3.0,1.0,2.0,0.0,3.0,3.0,1.0,3.0,2.0,3.0
1050,1.0,3.0,2.0,1.0,2.0,2.0,0.0,4.0,3.0,2.0
1051,1.0,1.0,0.0,0.0,4.0,3.0,1.0,4.0,1.0,4.0
1052,3.0,0.0,2.0,0.0,3.0,0.0,3.0,0.0,1.0,1.0
1053,0.0,0.0,0.0,1.0,2.0,1.0,1.0,1.0,1.0,4.0
1054,2.0,1.0,2.0,1.0,3.0,3.0,1.0,3.0,0.0,8.0
1055,0.0,0.0,0.0,0.0,0.0,3.0,1.0,3.0,4.0,3.0
1056,0.0,0.0,1.0,0.0,2.0,1.0,2.0,0.0,0.0,2.0
1057,0.0,0.0,0.0,0.0,0.0,2.0,2.0,1.0,0.0,0.0
1058,0.0,0.0,0.0,0.0,1.0,0.0,1.0,2.0,0.0,0.0
1059,0.0,0.0,0.0,0.0,1.0,0.0,0.0,0.0,0.0,0.0
1060,0.0,0.0,1.0,0.0,0.0,0.0,0.0,0.0,0.0,1.0
1061,0.0,0.0,0.0,0.0,0.0,0.0,0.0,0.0,0.0,0.0
1062,1.0,0.0,2.0,0.0,1.0,3.0,0.0,1.0,1.0,1.0
1063,0.0,0.0,1.0,1.0,1.0,0.0,2.0,1.0,0.0,3.0
1064,1.0,1.0,1.0,1.0,2.0,0.0,0.0,0.0,1.0,2.0
1065,3.0,1.0,2.0,0.0,3.0,0.0,1.0,1.0,0.0,3.0
1066,1.0,2.0,2.0,0.0,3.0,0.0,4.0,3.0,0.0,6.0
1067,0.0,0.0,2.0,0.0,2.0,2.0,2.0,2.0,2.0,4.0
1068,2.0,0.0,0.0,1.0,5.0,2.0,2.0,1.0,0.0,3.0
1069,1.0,0.0,1.0,1.0,2.0,3.0,2.0,1.0,0.0,2.0
1070,2.0,1.0,0.0,1.0,3.0,2.0,4.0,1.0,0.0,4.0
1071,0.0,2.0,0.0,0.0,1.0,3.0,2.0,1.0,0.0,3.0
1072,1.0,0.0,2.0,2.0,1.0,1.0,1.0,2.0,2.0,3.0
1073,1.0,1.0,2.0,0.0,0.0,0.0,3.0,3.0,1.0,3.0
1074,1.0,3.0,2.0,1.0,1.0,1.0,1.0,1.0,2.0,3.0
1075,1.0,1.0,1.0,0.0,3.0,3.0,1.0,2.0,1.0,3.0
1076,0.0,1.0,1.0,1.0,5.0,2.0,1.0,1.0,2.0,7.0
1077,3.0,0.0,2.0,1.0,1.0,1.0,0.0,3.0,1.0,2.0
1078,2.0,1.0,0.0,1.0,4.0,4.0,2.0,0.0,0.0,0.0
1079,0.0,0.0,2.0,0.0,3.0,1.0,2.0,1.0,2.0,2.0
1080,0.0,0.0,1.0,1.0,1.0,2.0,0.0,1.0,0.0,0.0
1081,1.0,0.0,2.0,0.0,0.0,1.0,1.0,0.0,0.0,0.0
1082,0.0,0.0,0.0,0.0,0.0,0.0,1.0,0.0,0.0,0.0
1083,0.0,0.0,0.0,0.0,2.0,0.0,0.0,0.0,0.0,0.0
1084,0.0,0.0,2.0,0.0,0.0,0.0,0.0,0.0,1.0,0.0
1085,0.0,1.0,0.0,1.0,0.0,0.0,0.0,1.0,0.0,0.0
1086,2.0,1.0,0.0,0.0,1.0,2.0,3.0,1.0,1.0,2.0
1087,2.0,2.0,1.0,0.0,1.0,2.0,1.0,0.0,0.0,1.0
1088,0.0,0.0,0.0,0.0,1.0,2.0,2.0,0.0,0.0,5.0
1089,0.0,0.0,1.0,0.0,3.0,1.0,0.0,0.0,1.0,2.0
1090,0.0,0.0,0.0,0.0,1.0,0.0,1.0,1.0,1.0,2.0
1091,1.0,0.0,0.0,0.0,2.0,0.0,1.0,0.0,0.0,1.0
1092,0.0,0.0,0.0,0.0,2.0,0.0,1.0,0.0,0.0,2.0
1093,1.0,0.0,0.0,1.0,0.0,0.0,0.0,1.0,0.0,1.0
1094,0.0,0.0,0.0,1.0,1.0,0.0,0.0,1.0,1.0,0.0
1095,1.0,0.0,1.0,1.0,0.0,0.0,1.0,0.0,0.0,3.0
1096,0.0,0.0,0.0,0.0,2.0,1.0,0.0,0.0,0.0,0.0
1097,2.0,0.0,1.0,2.0,3.0,2.0,1.0,2.0,0.0,3.0
1098,1.0,2.0,0.0,1.0,2.0,0.0,0.0,2.0,0.0,2.0
1099,1.0,0.0,1.0,0.0,2.0,0.0,1.0,1.0,1.0,2.0
1100,1.0,0.0,0.0,1.0,1.0,2.0,1.0,2.0,0.0,4.0
1101,1.0,0.0,0.0,1.0,2.0,0.0,4.0,0.0,0.0,1.0
1102,1.0,1.0,0.0,1.0,0.0,2.0,1.0,3.0,1.0,3.0
1103,0.0,2.0,0.0,1.0,0.0,1.0,3.0,1.0,0.0,1.0
1104,0.0,0.0,1.0,0.0,0.0,0.0,2.0,0.0,0.0,0.0
1105,0.0,0.0,0.0,1.0,1.0,1.0,0.0,0.0,0.0,1.0
1106,0.0,0.0,0.0,0.0,0.0,0.0,0.0,0.0,0.0,0.0
1107,0.0,0.0,0.0,0.0,0.0,0.0,0.0,1.0,0.0,0.0
1108,0.0,0.0,0.0,0.0,0.0,0.0,0.0,0.0,1.0,0.0
1109,0.0,0.0,0.0,0.0,0.0,0.0,0.0,0.0,0.0,1.0
1110,1.0,0.0,0.0,0.0,2.0,2.0,2.0,1.0,1.0,2.0
1111,1.0,4.0,0.0,1.0,1.0,1.0,1.0,0.0,3.0,0.0
1112,2.0,0.0,1.0,1.0,2.0,2.0,0.0,0.0,0.0,3.0
1113,0.0,0.0,1.0,0.0,1.0,3.0,0.0,0.0,0.0,1.0
1114,0.0,0.0,1.0,0.0,0.0,0.0,1.0,1.0,0.0,1.0
1115,0.0,0.0,1.0,2.0,1.0,0.0,1.0,3.0,0.0,0.0
1116,0.0,0.0,0.0,0.0,1.0,3.0,0.0,1.0,0.0,2.0
1117,0.0,0.0,0.0,1.0,2.0,1.0,0.0,1.0,0.0,1.0
1118,0.0,0.0,0.0,0.0,1.0,0.0,1.0,1.0,0.0,2.0
1119,0.0,0.0,0.0,0.0,1.0,0.0,0.0,0.0,0.0,0.0
1120,1.0,0.0,1.0,0.0,0.0,3.0,2.0,1.0,0.0,1.0
1121,2.0,1.0,1.0,0.0,3.0,1.0,2.0,1.0,2.0,2.0
1122,0.0,1.0,2.0,2.0,3.0,3.0,0.0,1.0,3.0,2.0
1123,0.0,0.0,0.0,0.0,0.0,1.0,0.0,0.0,1.0,1.0
1124,2.0,0.0,0.0,1.0,0.0,2.0,1.0,3.0,1.0,1.0
1125,1.0,0.0,1.0,0.0,3.0,0.0,2.0,2.0,1.0,2.0
1126,1.0,0.0,2.0,1.0,1.0,0.0,2.0,0.0,2.0,0.0
1127,0.0,0.0,1.0,0.0,0.0,0.0,1.0,4.0,0.0,3.0
1128,0.0,1.0,0.0,0.0,2.0,1.0,1.0,2.0,0.0,0.0
1129,0.0,0.0,0.0,0.0,0.0,1.0,1.0,1.0,0.0,0.0
1130,0.0,0.0,0.0,0.0,0.0,0.0,0.0,1.0,0.0,1.0
1131,0.0,0.0,0.0,0.0,0.0,1.0,0.0,0.0,0.0,0.0
1132,0.0,0.0,0.0,0.0,0.0,0.0,0.0,0.0,1.0,0.0
1133,0.0,0.0,0.0,1.0,1.0,0.0,0.0,0.0,0.0,0.0
1134,1.0,0.0,0.0,0.0,0.0,1.0,3.0,0.0,2.0,1.0
1135,0.0,0.0,2.0,0.0,2.0,3.0,1.0,0.0,0.0,2.0
1136,1.0,1.0,0.0,1.0,4.0,1.0,2.0,0.0,0.0,2.0
1137,0.0,1.0,2.0,0.0,2.0,0.0,2.0,1.0,0.0,1.0
1138,1.0,1.0,0.0,1.0,0.0,1.0,0.0,1.0,0.0,2.0
1139,0.0,0.0,0.0,0.0,2.0,1.0,0.0,0.0,0.0,2.0
1140,0.0,1.0,0.0,2.0,0.0,1.0,0.0,1.0,0.0,0.0
1141,0.0,0.0,0.0,1.0,0.0,2.0,1.0,0.0,1.0,2.0
1142,0.0,2.0,0.0,0.0,0.0,0.0,0.0,0.0,1.0,1.0
1143,0.0,2.0,0.0,0.0,2.0,2.0,2.0,2.0,0.0,1.0
1144,0.0,0.0,0.0,0.0,0.0,1.0,1.0,0.0,1.0,0.0
1145,0.0,0.0,1.0,0.0,3.0,0.0,2.0,0.0,0.0,2.0
1146,0.0,1.0,0.0,0.0,3.0,2.0,0.0,2.0,1.0,1.0
1147,0.0,0.0,0.0,0.0,3.0,2.0,1.0,1.0,1.0,2.0
1148,0.0,0.0,0.0,0.0,1.0,1.0,3.0,2.0,3.0,1.0
1149,0.0,1.0,1.0,1.0,0.0,1.0,1.0,2.0,2.0,1.0
1150,3.0,2.0,0.0,0.0,4.0,1.0,1.0,0.0,1.0,2.0
1151,0.0,0.0,1.0,0.0,0.0,1.0,3.0,1.0,0.0,1.0
1152,0.0,0.0,0.0,0.0,0.0,2.0,0.0,1.0,0.0,1.0
1153,0.0,0.0,0.0,0.0,1.0,0.0,0.0,1.0,0.0,0.0
1154,0.0,0.0,0.0,0.0,1.0,0.0,0.0,0.0,0.0,0.0
1155,0.0,0.0,0.0,0.0,1.0,0.0,0.0,0.0,0.0,1.0
1156,0.0,0.0,0.0,1.0,0.0,1.0,0.0,0.0,0.0,0.0
1157,1.0,0.0,0.0,0.0,0.0,0.0,0.0,0.0,0.0,0.0
1158,2.0,0.0,0.0,0.0,2.0,2.0,1.0,0.0,3.0,1.0
1159,0.0,0.0,1.0,2.0,1.0,1.0,0.0,1.0,2.0,4.0
1160,1.0,1.0,1.0,0.0,2.0,0.0,1.0,0.0,1.0,3.0
1161,1.0,1.0,1.0,0.0,2.0,0.0,2.0,0.0,0.0,0.0
1162,0.0,1.0,1.0,0.0,1.0,0.0,1.0,1.0,0.0,2.0
1163,1.0,1.0,0.0,0.0,1.0,1.0,2.0,1.0,1.0,3.0
1164,2.0,0.0,1.0,2.0,2.0,1.0,0.0,3.0,1.0,3.0
1165,0.0,0.0,1.0,1.0,0.0,2.0,1.0,0.0,1.0,0.0
1166,0.0,0.0,1.0,0.0,1.0,0.0,0.0,2.0,0.0,1.0
1167,0.0,0.0,0.0,0.0,0.0,2.0,0.0,1.0,1.0,1.0
1168,1.0,0.0,0.0,0.0,1.0,4.0,0.0,1.0,1.0,3.0
1169,1.0,2.0,1.0,0.0,0.0,1.0,1.0,0.0,1.0,1.0
1170,0.0,1.0,1.0,1.0,5.0,3.0,4.0,2.0,0.0,4.0
1171,1.0,0.0,0.0,1.0,2.0,0.0,3.0,1.0,1.0,3.0
1172,0.0,0.0,2.0,0.0,2.0,1.0,2.0,2.0,1.0,3.0
1173,2.0,1.0,0.0,1.0,2.0,1.0,0.0,1.0,2.0,1.0
1174,2.0,0.0,1.0,2.0,1.0,2.0,1.0,1.0,0.0,3.0
1175,0.0,0.0,0.0,0.0,1.0,1.0,1.0,0.0,0.0,1.0
1176,0.0,0.0,0.0,2.0,0.0,0.0,1.0,0.0,0.0,0.0
1177,0.0,0.0,0.0,0.0,0.0,1.0,1.0,0.0,0.0,0.0
1178,0.0,0.0,1.0,0.0,2.0,0.0,1.0,1.0,0.0,1.0
1179,0.0,0.0,0.0,0.0,1.0,0.0,0.0,0.0,0.0,0.0
1180,0.0,0.0,0.0,0.0,0.0,0.0,0.0,0.0,0.0,0.0
1181,2.0,1.0,0.0,1.0,0.0,0.0,0.0,0.0,0.0,0.0
1182,1.0,0.0,1.0,0.0,2.0,1.0,1.0,1.0,4.0,0.0
1183,0.0,0.0,0.0,2.0,3.0,1.0,1.0,1.0,1.0,3.0
1184,1.0,1.0,0.0,0.0,1.0,3.0,0.0,1.0,0.0,5.0
1185,0.0,2.0,0.0,0.0,0.0,0.0,1.0,0.0,0.0,2.0
1186,1.0,1.0,0.0,0.0,2.0,3.0,0.0,0.0,1.0,0.0
1187,0.0,1.0,0.0,0.0,2.0,1.0,2.0,0.0,0.0,3.0
1188,1.0,0.0,0.0,0.0,2.0,2.0,0.0,1.0,0.0,2.0
1189,1.0,0.0,0.0,0.0,0.0,0.0,0.0,1.0,0.0,0.0
1190,0.0,1.0,0.0,1.0,0.0,2.0,1.0,1.0,0.0,2.0
1191,1.0,0.0,0.0,0.0,0.0,1.0,2.0,3.0,1.0,2.0
1192,0.0,2.0,0.0,0.0,3.0,4.0,1.0,2.0,0.0,1.0
1193,3.0,0.0,0.0,1.0,1.0,1.0,0.0,2.0,3.0,6.0
1194,1.0,0.0,0.0,0.0,4.0,2.0,1.0,2.0,0.0,4.0
1195,0.0,2.0,1.0,0.0,7.0,2.0,3.0,0.0,0.0,3.0
1196,0.0,0.0,0.0,0.0,2.0,6.0,3.0,2.0,0.0,0.0
1197,1.0,0.0,1.0,3.0,3.0,1.0,3.0,2.0,0.0,0.0
1198,2.0,2.0,2.0,1.0,3.0,1.0,2.0,1.0,2.0,1.0
1199,1.0,0.0,1.0,1.0,0.0,1.0,1.0,1.0,1.0,2.0
1200,2.0,0.0,1.0,0.0,2.0,0.0,3.0,2.0,1.0,1.0
1201,1.0,0.0,1.0,1.0,1.0,1.0,0.0,0.0,0.0,2.0
1202,0.0,0.0,0.0,1.0,0.0,0.0,0.0,1.0,0.0,2.0
1203,0.0,0.0,0.0,0.0,2.0,0.0,0.0,0.0,0.0,2.0
1204,0.0,0.0,0.0,0.0,0.0,0.0,0.0,1.0,0.0,2.0
1205,0.0,0.0,0.0,0.0,0.0,0.0,0.0,0.0,0.0,0.0
1206,0.0,0.0,0.0,0.0,0.0,2.0,1.0,1.0,1.0,1.0
1207,0.0,3.0,1.0,1.0,2.0,2.0,1.0,0.0,0.0,3.0
1208,1.0,1.0,2.0,1.0,1.0,1.0,1.0,1.0,0.0,0.0
1209,2.0,0.0,0.0,0.0,0.0,1.0,0.0,1.0,2.0,2.0
1210,1.0,0.0,0.0,2.0,2.0,5.0,3.0,2.0,2.0,4.0
1211,2.0,0.0,0.0,1.0,3.0,0.0,3.0,1.0,0.0,4.0
1212,0.0,0.0,0.0,0.0,5.0,1.0,4.0,1.0,1.0,2.0
1213,2.0,0.0,0.0,1.0,2.0,3.0,3.0,0.0,1.0,3.0
1214,1.0,0.0,0.0,0.0,1.0,2.0,1.0,2.0,0.0,1.0
1215,1.0,0.0,1.0,1.0,2.0,1.0,1.0,3.0,1.0,1.0
1216,1.0,0.0,2.0,1.0,3.0,1.0,2.0,0.0,3.0,3.0
1217,1.0,0.0,1.0,1.0,2.0,3.0,1.0,2.0,1.0,3.0
1218,0.0,0.0,0.0,2.0,6.0,6.0,6.0,1.0,1.0,3.0
1219,4.0,1.0,0.0,0.0,3.0,0.0,2.0,2.0,0.0,3.0
1220,2.0,1.0,0.0,0.0,3.0,3.0,3.0,2.0,1.0,3.0
1221,1.0,0.0,4.0,0.0,3.0,2.0,4.0,1.0,4.0,1.0
1222,2.0,2.0,0.0,1.0,1.0,3.0,2.0,2.0,1.0,4.0
1223,0.0,0.0,0.0,1.0,4.0,3.0,2.0,3.0,1.0,3.0
1224,1.0,1.0,1.0,0.0,0.0,1.0,0.0,1.0,0.0,1.0
1225,0.0,0.0,1.0,0.0,0.0,1.0,1.0,0.0,2.0,3.0
1226,0.0,0.0,0.0,1.0,2.0,1.0,0.0,0.0,0.0,0.0
1227,2.0,0.0,1.0,0.0,0.0,0.0,0.0,1.0,1.0,1.0
1228,0.0,0.0,0.0,0.0,1.0,0.0,1.0,0.0,0.0,0.0
1229,0.0,0.0,0.0,0.0,0.0,0.0,0.0,0.0,0.0,0.0
1230,0.0,0.0,0.0,0.0,0.0,2.0,1.0,1.0,0.0,1.0
1231,0.0,1.0,1.0,1.0,0.0,1.0,2.0,2.0,1.0,0.0
1232,2.0,2.0,0.0,0.0,1.0,1.0,0.0,1.0,0.0,6.0
1233,1.0,0.0,2.0,1.0,5.0,4.0,1.0,1.0,0.0,2.0
1234,2.0,0.0,2.0,0.0,2.0,0.0,3.0,1.0,1.0,4.0
1235,1.0,1.0,2.0,1.0,2.0,3.0,2.0,2.0,0.0,1.0
1236,2.0,1.0,0.0,2.0,2.0,3.0,2.0,1.0,3.0,2.0
1237,1.0,0.0,0.0,0.0,1.0,1.0,3.0,1.0,3.0,2.0
1238,2.0,1.0,1.0,0.0,2.0,2.0,3.0,2.0,2.0,3.0
1239,1.0,0.0,1.0,2.0,0.0,4.0,0.0,1.0,0.0,2.0
1240,1.0,2.0,1.0,0.0,3.0,6.0,2.0,0.0,1.0,3.0
1241,1.0,1.0,1.0,0.0,4.0,3.0,1.0,3.0,0.0,1.0
1242,2.0,1.0,1.0,0.0,1.0,1.0,1.0,1.0,3.0,2.0
1243,0.0,0.0,3.0,0.0,0.0,4.0,1.0,0.0,1.0,1.0
1244,0.0,2.0,1.0,1.0,4.0,1.0,2.0,3.0,1.0,3.0
1245,0.0,2.0,3.0,0.0,1.0,1.0,3.0,1.0,1.0,3.0
1246,1.0,1.0,2.0,2.0,1.0,2.0,1.0,1.0,1.0,6.0
1247,1.0,2.0,0.0,1.0,1.0,1.0,1.0,1.0,1.0,3.0
1248,0.0,1.0,0.0,0.0,1.0,1.0,1.0,0.0,1.0,2.0
1249,0.0,1.0,0.0,0.0,2.0,0.0,0.0,1.0,0.0,0.0
1250,0.0,0.0,0.0,0.0,0.0,0.0,0.0,0.0,0.0,0.0
1251,0.0,0.0,0.0,0.0,2.0,1.0,0.0,0.0,0.0,0.0
1252,0.0,0.0,1.0,0.0,0.0,1.0,0.0,0.0,0.0,0.0
1253,1.0,0.0,0.0,1.0,1.0,1.0,0.0,0.0,0.0,0.0
1254,2.0,1.0,0.0,1.0,3.0,1.0,1.0,2.0,1.0,0.0
1255,0.0,1.0,0.0,0.0,2.0,1.0,2.0,1.0,3.0,1.0
1256,0.0,0.0,0.0,0.0,1.0,0.0,2.0,0.0,0.0,3.0
1257,1.0,0.0,0.0,1.0,0.0,0.0,4.0,0.0,1.0,2.0
1258,3.0,0.0,1.0,0.0,1.0,0.0,0.0,0.0,0.0,2.0
1259,0.0,1.0,1.0,1.0,1.0,2.0,0.0,1.0,0.0,2.0
1260,0.0,0.0,2.0,0.0,1.0,1.0,0.0,1.0,0.0,3.0
1261,0.0,0.0,0.0,0.0,3.0,1.0,0.0,1.0,1.0,1.0
1262,0.0,0.0,1.0,0.0,0.0,2.0,0.0,0.0,1.0,1.0
1263,0.0,0.0,1.0,0.0,1.0,0.0,3.0,0.0,0.0,0.0
1264,0.0,0.0,0.0,2.0,0.0,1.0,0.0,2.0,0.0,0.0
1265,0.0,0.0,0.0,0.0,3.0,0.0,2.0,1.0,1.0,3.0
1266,0.0,2.0,0.0,0.0,1.0,2.0,1.0,2.0,1.0,3.0
1267,0.0,0.0,1.0,0.0,2.0,0.0,2.0,3.0,0.0,1.0
1268,0.0,0.0,0.0,0.0,0.0,0.0,3.0,2.0,0.0,3.0
1269,1.0,1.0,0.0,1.0,0.0,0.0,1.0,2.0,1.0,2.0
1270,2.0,1.0,1.0,0.0,2.0,1.0,1.0,0.0,1.0,2.0
1271,1.0,0.0,2.0,0.0,0.0,0.0,0.0,1.0,0.0,2.0
1272,0.0,0.0,0.0,0.0,0.0,0.0,1.0,0.0,0.0,1.0
1273,0.0,1.0,0.0,0.0,0.0,2.0,0.0,0.0,0.0,1.0
1274,0.0,1.0,0.0,0.0,1.0,0.0,0.0,1.0,0.0,0.0
1275,0.0,1.0,0.0,0.0,0.0,0.0,0.0,0.0,0.0,0.0
1276,0.0,0.0,0.0,0.0,1.0,0.0,0.0,0.0,0.0,0.0
1277,0.0,0.0,0.0,0.0,0.0,1.0,0.0,0.0,0.0,0.0
1278,2.0,1.0,1.0,0.0,0.0,2.0,2.0,1.0,2.0,3.0
1279,1.0,0.0,1.0,1.0,1.0,2.0,4.0,0.0,1.0,3.0
1280,0.0,0.0,0.0,1.0,3.0,2.0,1.0,0.0,0.0,1.0
1281,0.0,0.0,0.0,0.0,1.0,0.0,2.0,4.0,0.0,1.0
1282,0.0,0.0,1.0,1.0,3.0,0.0,1.0,0.0,1.0,1.0
1283,0.0,1.0,0.0,1.0,2.0,0.0,1.0,0.0,0.0,0.0
1284,0.0,0.0,0.0,1.0,1.0,1.0,0.0,3.0,0.0,1.0
1285,0.0,0.0,0.0,0.0,2.0,0.0,1.0,1.0,1.0,1.0
1286,0.0,0.0,1.0,0.0,1.0,1.0,0.0,0.0,1.0,1.0
1287,0.0,0.0,0.0,2.0,1.0,0.0,1.0,0.0,0.0,2.0
1288,0.0,1.0,1.0,0.0,1.0,1.0,1.0,0.0,1.0,0.0
1289,0.0,2.0,2.0,0.0,1.0,1.0,1.0,2.0,0.0,0.0
1290,0.0,0.0,0.0,0.0,2.0,2.0,0.0,1.0,2.0,1.0
1291,0.0,2.0,0.0,0.0,1.0,1.0,1.0,1.0,1.0,0.0
1292,1.0,1.0,0.0,3.0,0.0,1.0,2.0,0.0,0.0,0.0
1293,1.0,1.0,2.0,0.0,1.0,2.0,0.0,1.0,0.0,3.0
1294,1.0,0.0,3.0,0.0,1.0,1.0,3.0,0.0,1.0,1.0
1295,0.0,0.0,0.0,0.0,1.0,2.0,2.0,3.0,0.0,2.0
1296,0.0,0.0,0.0,0.0,0.0,0.0,0.0,0.0,0.0,2.0
1297,1.0,0.0,0.0,0.0,1.0,1.0,0.0,1.0,0.0,0.0
1298,2.0,1.0,0.0,0.0,0.0,0.0,2.0,0.0,0.0,0.0
1299,0.0,0.0,0.0,0.0,1.0,0.0,0.0,0.0,0.0,0.0
1300,0.0,0.0,0.0,0.0,0.0,0.0,1.0,0.0,0.0,0.0
1301,1.0,0.0,0.0,1.0,0.0,0.0,0.0,0.0,0.0,0.0
1302,1.0,0.0,1.0,0.0,1.0,2.0,2.0,1.0,4.0,1.0
1303,0.0,0.0,0.0,2.0,4.0,2.0,0.0,1.0,1.0,4.0
1304,0.0,1.0,2.0,1.0,1.0,0.0,0.0,1.0,1.0,4.0
1305,0.0,1.0,1.0,0.0,0.0,1.0,2.0,1.0,0.0,0.0
1306,2.0,1.0,0.0,0.0,1.0,0.0,2.0,1.0,0.0,0.0
1307,0.0,1.0,0.0,1.0,0.0,0.0,0.0,0.0,0.0,4.0
1308,0.0,0.0,0.0,0.0,1.0,1.0,2.0,1.0,0.0,3.0
1309,0.0,0.0,1.0,0.0,2.0,1.0,0.0,0.0,1.0,0.0
1310,0.0,1.0,0.0,1.0,3.0,2.0,1.0,0.0,0.0,2.0
1311,0.0,0.0,1.0,1.0,0.0,0.0,1.0,2.0,0.0,1.0
1312,0.0,1.0,0.0,0.0,2.0,1.0,2.0,0.0,2.0,0.0
1313,0.0,0.0,0.0,0.0,1.0,0.0,0.0,0.0,0.0,3.0
1314,1.0,3.0,1.0,1.0,4.0,0.0,2.0,1.0,1.0,3.0
1315,0.0,1.0,0.0,0.0,1.0,3.0,3.0,0.0,3.0,0.0
1316,1.0,2.0,0.0,0.0,2.0,1.0,3.0,1.0,1.0,2.0
1317,0.0,2.0,2.0,1.0,0.0,3.0,0.0,0.0,0.0,1.0
1318,1.0,2.0,0.0,1.0,1.0,0.0,1.0,0.0,0.0,2.0
1319,0.0,0.0,0.0,0.0,1.0,0.0,1.0,1.0,3.0,3.0
1320,0.0,0.0,2.0,1.0,2.0,0.0,1.0,0.0,0.0,4.0
1321,0.0,0.0,1.0,0.0,0.0,1.0,1.0,1.0,1.0,0.0
1322,1.0,0.0,0.0,0.0,1.0,0.0,0.0,0.0,0.0,0.0
1323,0.0,0.0,0.0,0.0,0.0,0.0,0.0,0.0,0.0,0.0
1324,0.0,0.0,0.0,0.0,1.0,0.0,0.0,0.0,0.0,0.0
1325,1.0,0.0,0.0,1.0,0.0,2.0,0.0,0.0,0.0,0.0
1326,1.0,0.0,0.0,0.0,1.0,0.0,2.0,1.0,3.0,0.0
1327,1.0,0.0,1.0,0.0,0.0,1.0,1.0,2.0,1.0,2.0
1328,0.0,1.0,0.0,1.0,0.0,3.0,0.0,1.0,1.0,5.0
1329,0.0,1.0,0.0,0.0,0.0,1.0,1.0,1.0,0.0,0.0
1330,2.0,0.0,1.0,0.0,1.0,4.0,0.0,1.0,1.0,1.0
1331,1.0,0.0,0.0,0.0,1.0,2.0,0.0,0.0,1.0,0.0
1332,0.0,0.0,1.0,0.0,0.0,1.0,2.0,2.0,1.0,0.0
1333,0.0,0.0,0.0,0.0,1.0,1.0,0.0,2.0,1.0,1.0
1334,0.0,1.0,1.0,0.0,1.0,2.0,0.0,0.0,0.0,4.0
1335,0.0,0.0,1.0,0.0,0.0,2.0,3.0,0.0,0.0,1.0
1336,1.0,0.0,0.0,2.0,3.0,1.0,2.0,2.0,1.0,1.0
1337,1.0,0.0,2.0,1.0,1.0,2.0,0.0,0.0,2.0,2.0
1338,1.0,1.0,0.0,1.0,0.0,0.0,1.0,0.0,2.0,5.0
1339,0.0,1.0,3.0,0.0,2.0,0.0,1.0,1.0,0.0,2.0
1340,3.0,0.0,0.0,2.0,1.0,3.0,0.0,1.0,1.0,2.0
1341,1.0,1.0,1.0,0.0,2.0,2.0,1.0,1.0,0.0,5.0
1342,0.0,0.0,0.0,0.0,2.0,3.0,0.0,2.0,2.0,1.0
1343,1.0,0.0,0.0,0.0,1.0,0.0,1.0,3.0,1.0,1.0
1344,0.0,0.0,0.0,0.0,0.0,0.0,0.0,0.0,0.0,0.0
1345,0.0,0.0,1.0,0.0,0.0,1.0,1.0,3.0,1.0,1.0
1346,0.0,0.0,0.0,0.0,0.0,0.0,0.0,0.0,0.0,0.0
1347,0.0,1.0,0.0,2.0,0.0,0.0,0.0,0.0,0.0,0.0
1348,0.0,0.0,0.0,0.0,1.0,0.0,0.0,0.0,0.0,0.0
1349,0.0,0.0,0.0,0.0,0.0,1.0,0.0,1.0,0.0,0.0
1350,1.0,0.0,0.0,0.0,1.0,1.0,3.0,1.0,4.0,0.0
1351,1.0,0.0,1.0,0.0,0.0,0.0,1.0,0.0,1.0,2.0
1352,1.0,0.0,0.0,0.0,3.0,2.0,0.0,1.0,0.0,1.0
1353,0.0,0.0,1.0,0.0,3.0,0.0,0.0,3.0,1.0,3.0
1354,1.0,0.0,1.0,0.0,1.0,0.0,0.0,1.0,0.0,2.0
1355,0.0,1.0,1.0,1.0,0.0,2.0,2.0,0.0,1.0,1.0
1356,0.0,2.0,1.0,1.0,3.0,1.0,2.0,1.0,0.0,3.0
1357,0.0,0.0,1.0,0.0,1.0,1.0,0.0,1.0,0.0,0.0
1358,1.0,1.0,1.0,1.0,2.0,1.0,1.0,1.0,0.0,0.0
1359,0.0,0.0,1.0,0.0,0.0,1.0,0.0,0.0,0.0,4.0
1360,0.0,0.0,0.0,1.0,3.0,2.0,2.0,1.0,1.0,1.0
1361,1.0,0.0,3.0,0.0,4.0,2.0,0.0,2.0,1.0,3.0
1362,0.0,1.0,2.0,0.0,2.0,1.0,0.0,2.0,1.0,3.0
1363,2.0,3.0,0.0,0.0,1.0,1.0,3.0,2.0,3.0,2.0
1364,2.0,0.0,0.0,0.0,3.0,1.0,1.0,0.0,1.0,3.0
1365,1.0,3.0,0.0,1.0,1.0,1.0,2.0,2.0,2.0,1.0
1366,1.0,0.0,1.0,1.0,1.0,2.0,1.0,2.0,1.0,3.0
1367,0.0,1.0,1.0,0.0,3.0,3.0,3.0,4.0,1.0,2.0
1368,2.0,1.0,1.0,0.0,1.0,0.0,0.0,1.0,1.0,4.0
1369,1.0,0.0,0.0,1.0,2.0,3.0,0.0,0.0,0.0,1.0
1370,1.0,1.0,0.0,0.0,0.0,1.0,1.0,1.0,0.0,3.0
1371,0.0,0.0,0.0,0.0,5.0,1.0,0.0,2.0,1.0,1.0
1372,0.0,0.0,0.0,0.0,0.0,0.0,0.0,0.0,0.0,0.0
1373,0.0,0.0,0.0,0.0,0.0,1.0,0.0,0.0,1.0,0.0
1374,0.0,0.0,0.0,0.0,2.0,2.0,1.0,0.0,1.0,1.0
1375,0.0,2.0,1.0,2.0,0.0,1.0,0.0,2.0,0.0,2.0
1376,1.0,0.0,1.0,1.0,2.0,0.0,1.0,1.0,0.0,0.0
1377,0.0,2.0,1.0,1.0,2.0,1.0,3.0,0.0,1.0,2.0
1378,2.0,0.0,1.0,0.0,5.0,3.0,2.0,1.0,1.0,3.0
1379,0.0,0.0,0.0,3.0,2.0,3.0,3.0,1.0,3.0,2.0
1380,1.0,2.0,1.0,0.0,2.0,1.0,3.0,1.0,1.0,1.0
1381,0.0,0.0,1.0,1.0,1.0,0.0,1.0,3.0,0.0,0.0
1382,1.0,0.0,2.0,0.0,3.0,2.0,3.0,2.0,0.0,2.0
1383,1.0,1.0,0.0,1.0,2.0,1.0,4.0,2.0,1.0,6.0
1384,0.0,1.0,1.0,0.0,2.0,5.0,2.0,0.0,0.0,5.0
1385,2.0,0.0,0.0,0.0,3.0,4.0,3.0,1.0,3.0,3.0
1386,4.0,2.0,1.0,1.0,2.0,4.0,3.0,2.0,1.0,4.0
1387,2.0,2.0,1.0,2.0,2.0,2.0,0.0,2.0,0.0,3.0
1388,4.0,1.0,1.0,0.0,5.0,2.0,0.0,2.0,1.0,5.0
1389,3.0,3.0,0.0,1.0,2.0,2.0,1.0,1.0,1.0,6.0
1390,2.0,1.0,0.0,0.0,1.0,3.0,4.0,0.0,2.0,1.0
1391,1.0,0.0,2.0,1.0,3.0,4.0,1.0,5.0,2.0,6.0
1392,0.0,0.0,0.0,1.0,2.0,0.0,1.0,1.0,0.0,2.0
1393,0.0,0.0,2.0,0.0,0.0,0.0,0.0,1.0,0.0,3.0
1394,0.0,2.0,0.0,0.0,1.0,2.0,2.0,3.0,0.0,1.0
1395,0.0,1.0,1.0,0.0,0.0,1.0,0.0,1.0,0.0,1.0
1396,0.0,0.0,0.0,0.0,1.0,0.0,0.0,0.0,1.0,1.0
1397,0.0,0.0,0.0,0.0,0.0,0.0,1.0,0.0,0.0,0.0
1398,0.0,1.0,0.0,0.0,1.0,0.0,0.0,2.0,1.0,2.0
1399,1.0,1.0,0.0,0.0,1.0,1.0,0.0,0.0,0.0,4.0
1400,1.0,0.0,2.0,1.0,1.0,0.0,0.0,0.0,1.0,3.0
1401,1.0,0.0,2.0,0.0,0.0,5.0,3.0,2.0,0.0,1.0
1402,2.0,0.0,2.0,0.0,4.0,1.0,3.0,1.0,0.0,3.0
1403,0.0,2.0,0.0,1.0,0.0,2.0,0.0,0.0,1.0,6.0
1404,0.0,0.0,0.0,0.0,6.0,0.0,3.0,2.0,0.0,1.0
1405,2.0,4.0,1.0,1.0,1.0,4.0,0.0,5.0,3.0,3.0
1406,0.0,0.0,2.0,0.0,1.0,3.0,3.0,3.0,1.0,4.0
1407,0.0,1.0,0.0,0.0,3.0,2.0,2.0,0.0,0.0,1.0
1408,1.0,2.0,0.0,2.0,2.0,4.0,3.0,1.0,1.0,3.0
1409,3.0,2.0,3.0,1.0,0.0,2.0,4.0,2.0,0.0,3.0
1410,2.0,1.0,3.0,2.0,2.0,3.0,3.0,1.0,2.0,3.0
1411,0.0,1.0,1.0,1.0,4.0,3.0,1.0,3.0,2.0,3.0
1412,1.0,0.0,1.0,1.0,2.0,3.0,2.0,0.0,1.0,1.0
1413,0.0,1.0,2.0,2.0,3.0,0.0,0.0,4.0,1.0,3.0
1414,1.0,1.0,1.0,2.0,1.0,1.0,2.0,2.0,1.0,6.0
1415,1.0,0.0,1.0,0.0,1.0,2.0,3.0,1.0,0.0,0.0
1416,0.0,0.0,0.0,0.0,3.0,0.0,0.0,1.0,0.0,4.0
1417,0.0,0.0,2.0,0.0,0.0,0.0,0.0,0.0,0.0,2.0
1418,0.0,0.0,0.0,0.0,0.0,1.0,0.0,0.0,0.0,1.0
1419,0.0,0.0,0.0,0.0,0.0,0.0,0.0,0.0,0.0,0.0
1420,0.0,0.0,0.0,0.0,0.0,0.0,0.0,0.0,0.0,1.0
1421,0.0,0.0,1.0,0.0,0.0,0.0,0.0,0.0,0.0,0.0
1422,1.0,1.0,1.0,0.0,0.0,2.0,2.0,0.0,2.0,2.0
1423,0.0,1.0,0.0,0.0,1.0,4.0,1.0,2.0,1.0,0.0
1424,1.0,1.0,0.0,2.0,2.0,2.0,0.0,2.0,1.0,3.0
1425,0.0,1.0,0.0,0.0,0.0,2.0,1.0,1.0,0.0,0.0
1426,2.0,0.0,0.0,1.0,0.0,1.0,0.0,2.0,0.0,2.0
1427,0.0,2.0,0.0,0.0,0.0,1.0,0.0,0.0,0.0,0.0
1428,0.0,0.0,0.0,0.0,3.0,2.0,1.0,1.0,0.0,1.0
1429,1.0,0.0,1.0,1.0,1.0,1.0,0.0,0.0,0.0,4.0
1430,0.0,2.0,0.0,0.0,0.0,0.0,1.0,0.0,0.0,1.0
1431,0.0,0.0,0.0,0.0,1.0,0.0,0.0,2.0,3.0,3.0
1432,0.0,0.0,2.0,0.0,0.0,2.0,1.0,0.0,1.0,1.0
1433,1.0,0.0,1.0,0.0,1.0,3.0,1.0,2.0,1.0,5.0
1434,1.0,0.0,1.0,0.0,3.0,2.0,1.0,2.0,2.0,4.0
1435,1.0,0.0,0.0,1.0,2.0,2.0,2.0,0.0,0.0,1.0
1436,1.0,1.0,0.0,2.0,2.0,1.0,0.0,3.0,0.0,1.0
1437,2.0,2.0,2.0,1.0,2.0,3.0,3.0,0.0,1.0,1.0
1438,1.0,0.0,0.0,0.0,0.0,4.0,0.0,4.0,1.0,0.0
1439,0.0,1.0,0.0,0.0,1.0,0.0,3.0,0.0,0.0,2.0
1440,1.0,0.0,2.0,0.0,1.0,1.0,0.0,1.0,0.0,2.0
1441,0.0,1.0,0.0,0.0,1.0,0.0,0.0,0.0,0.0,0.0
1442,0.0,0.0,0.0,0.0,1.0,0.0,1.0,1.0,0.0,1.0
1443,0.0,0.0,0.0,0.0,0.0,0.0,0.0,0.0,0.0,0.0
1444,0.0,0.0,0.0,0.0,1.0,0.0,0.0,0.0,0.0,0.0
1445,0.0,0.0,0.0,0.0,0.0,1.0,0.0,0.0,0.0,0.0
1446,1.0,1.0,0.0,0.0,1.0,3.0,0.0,0.0,4.0,2.0
1447,0.0,0.0,0.0,0.0,1.0,4.0,1.0,0.0,2.0,2.0
1448,1.0,1.0,0.0,0.0,1.0,1.0,4.0,0.0,0.0,4.0
1449,1.0,1.0,0.0,0.0,3.0,1.0,1.0,0.0,1.0,1.0
1450,3.0,0.0,0.0,0.0,1.0,2.0,1.0,0.0,0.0,0.0
1451,0.0,1.0,0.0,0.0,1.0,0.0,0.0,1.0,0.0,1.0
1452,0.0,0.0,0.0,0.0,0.0,0.0,0.0,0.0,0.0,1.0
1453,0.0,0.0,0.0,0.0,0.0,1.0,1.0,0.0,1.0,1.0
1454,1.0,1.0,0.0,1.0,0.0,1.0,0.0,0.0,0.0,1.0
1455,0.0,0.0,0.0,0.0,0.0,1.0,0.0,1.0,0.0,1.0
1456,0.0,1.0,2.0,1.0,1.0,1.0,0.0,0.0,1.0,0.0
1457,1.0,0.0,3.0,1.0,1.0,4.0,2.0,2.0,0.0,1.0
1458,0.0,0.0,0.0,0.0,4.0,1.0,0.0,3.0,1.0,4.0
1459,0.0,1.0,1.0,0.0,0.0,1.0,2.0,1.0,2.0,0.0
1460,1.0,0.0,0.0,0.0,3.0,1.0,2.0,0.0,0.0,0.0
1461,2.0,0.0,0.0,4.0,2.0,1.0,0.0,3.0,2.0,2.0
1462,3.0,0.0,1.0,0.0,2.0,0.0,3.0,0.0,0.0,0.0
1463,0.0,0.0,0.0,0.0,2.0,0.0,0.0,2.0,1.0,2.0
1464,0.0,0.0,0.0,0.0,2.0,0.0,0.0,0.0,0.0,0.0
1465,0.0,1.0,0.0,0.0,0.0,0.0,0.0,1.0,0.0,0.0
1466,0.0,0.0,0.0,0.0,0.0,0.0,0.0,0.0,0.0,0.0
1467,2.0,0.0,1.0,0.0,2.0,0.0,0.0,0.0,0.0,0.0
1468,0.0,0.0,0.0,0.0,0.0,0.0,0.0,0.0,0.0,0.0
1469,0.0,0.0,0.0,0.0,0.0,3.0,0.0,0.0,0.0,0.0
1470,1.0,1.0,1.0,0.0,1.0,2.0,2.0,1.0,1.0,0.0
1471,0.0,1.0,0.0,0.0,3.0,1.0,1.0,0.0,2.0,1.0
1472,0.0,1.0,1.0,1.0,2.0,2.0,1.0,1.0,2.0,2.0
1473,0.0,2.0,0.0,0.0,1.0,2.0,1.0,1.0,0.0,2.0
1474,3.0,0.0,0.0,0.0,1.0,1.0,1.0,1.0,0.0,0.0
1475,0.0,1.0,1.0,0.0,1.0,1.0,0.0,0.0,0.0,4.0
1476,0.0,1.0,2.0,0.0,2.0,1.0,0.0,0.0,0.0,1.0
1477,0.0,0.0,1.0,0.0,0.0,1.0,1.0,3.0,0.0,0.0
1478,2.0,0.0,1.0,0.0,2.0,1.0,1.0,0.0,0.0,2.0
1479,0.0,1.0,0.0,1.0,0.0,3.0,2.0,4.0,1.0,2.0
1480,0.0,0.0,1.0,1.0,0.0,1.0,1.0,0.0,0.0,3.0
1481,0.0,0.0,0.0,2.0,0.0,4.0,1.0,0.0,3.0,2.0
1482,0.0,2.0,1.0,0.0,2.0,1.0,1.0,0.0,2.0,2.0
1483,0.0,1.0,0.0,1.0,2.0,0.0,4.0,1.0,1.0,0.0
1484,1.0,1.0,1.0,0.0,3.0,0.0,3.0,1.0,0.0,4.0
1485,0.0,1.0,0.0,1.0,0.0,2.0,0.0,1.0,0.0,2.0
1486,1.0,0.0,0.0,0.0,1.0,1.0,0.0,1.0,0.0,3.0
1487,2.0,0.0,1.0,0.0,3.0,0.0,2.0,0.0,1.0,0.0
1488,0.0,0.0,0.0,0.0,0.0,1.0,1.0,0.0,0.0,0.0
1489,0.0,0.0,0.0,0.0,2.0,1.0,0.0,1.0,0.0,0.0
1490,0.0,0.0,0.0,0.0,1.0,0.0,0.0,1.0,0.0,0.0
1491,0.0,0.0,0.0,0.0,1.0,2.0,0.0,1.0,0.0,0.0
1492,0.0,0.0,0.0,0.0,0.0,1.0,0.0,0.0,1.0,1.0
1493,0.0,0.0,0.0,0.0,0.0,1.0,0.0,0.0,0.0,0.0
1494,1.0,1.0,0.0,0.0,1.0,4.0,4.0,0.0,1.0,0.0
1495,1.0,1.0,1.0,0.0,2.0,2.0,0.0,1.0,2.0,3.0
1496,0.0,2.0,0.0,2.0,0.0,0.0,2.0,0.0,0.0,4.0
1497,1.0,0.0,0.0,1.0,1.0,1.0,1.0,1.0,0.0,2.0
1498,3.0,3.0,0.0,0.0,0.0,1.0,1.0,0.0,1.0,2.0
1499,0.0,0.0,1.0,1.0,2.0,0.0,1.0,0.0,0.0,0.0
1500,0.0,1.0,0.0,1.0,0.0,0.0,0.0,0.0,0.0,0.0
1501,1.0,0.0,0.0,1.0,0.0,1.0,0.0,0.0,0.0,1.0
1502,0.0,1.0,1.0,1.0,1.0,1.0,0.0,0.0,1.0,3.0
1503,0.0,0.0,1.0,0.0,1.0,0.0,0.0,1.0,0.0,2.0
1504,0.0,0.0,1.0,0.0,1.0,1.0,0.0,0.0,0.0,1.0
1505,0.0,0.0,1.0,0.0,3.0,3.0,2.0,3.0,2.0,0.0
1506,0.0,1.0,2.0,2.0,2.0,5.0,2.0,1.0,1.0,4.0
1507,0.0,0.0,2.0,1.0,4.0,2.0,0.0,0.0,1.0,3.0
1508,1.0,1.0,0.0,1.0,1.0,2.0,2.0,3.0,0.0,3.0
1509,0.0,1.0,0.0,0.0,0.0,0.0,2.0,0.0,1.0,1.0
1510,3.0,1.0,0.0,1.0,2.0,0.0,0.0,0.0,1.0,0.0
1511,0.0,0.0,0.0,0.0,0.0,0.0,2.0,4.0,1.0,3.0
1512,0.0,0.0,0.0,0.0,1.0,0.0,0.0,0.0,0.0,1.0
1513,1.0,0.0,0.0,0.0,0.0,0.0,0.0,0.0,0.0,1.0
1514,0.0,0.0,0.0,0.0,0.0,0.0,0.0,0.0,0.0,0.0
1515,0.0,0.0,0.0,0.0,1.0,0.0,0.0,1.0,0.0,0.0
1516,0.0,0.0,0.0,0.0,1.0,0.0,0.0,0.0,0.0,0.0
1517,1.0,0.0,0.0,0.0,0.0,1.0,0.0,0.0,1.0,0.0
1518,0.0,1.0,0.0,0.0,0.0,3.0,0.0,0.0,1.0,0.0
1519,1.0,0.0,1.0,0.0,3.0,5.0,2.0,2.0,1.0,4.0
1520,1.0,1.0,0.0,1.0,3.0,2.0,2.0,2.0,2.0,2.0
1521,0.0,1.0,0.0,2.0,2.0,2.0,0.0,0.0,0.0,3.0
1522,0.0,2.0,0.0,0.0,3.0,0.0,0.0,0.0,2.0,7.0
1523,0.0,1.0,3.0,1.0,0.0,1.0,1.0,3.0,1.0,1.0
1524,1.0,0.0,1.0,1.0,4.0,3.0,2.0,2.0,0.0,0.0
1525,0.0,1.0,0.0,1.0,2.0,3.0,1.0,0.0,0.0,1.0
1526,0.0,1.0,0.0,0.0,1.0,2.0,2.0,1.0,0.0,1.0
1527,0.0,0.0,0.0,0.0,2.0,3.0,2.0,0.0,2.0,1.0
1528,1.0,2.0,2.0,0.0,1.0,2.0,0.0,3.0,0.0,1.0
1529,1.0,1.0,0.0,0.0,3.0,1.0,2.0,0.0,4.0,3.0
1530,0.0,0.0,1.0,2.0,2.0,4.0,0.0,2.0,0.0,3.0
1531,2.0,1.0,0.0,1.0,2.0,1.0,1.0,2.0,2.0,2.0
1532,1.0,0.0,0.0,2.0,4.0,4.0,2.0,1.0,1.0,1.0
1533,0.0,0.0,0.0,0.0,3.0,0.0,5.0,1.0,0.0,2.0
1534,3.0,0.0,1.0,2.0,1.0,2.0,2.0,1.0,2.0,1.0
1535,0.0,1.0,1.0,1.0,4.0,1.0,3.0,0.0,1.0,2.0
1536,0.0,0.0,1.0,0.0,0.0,0.0,2.0,1.0,0.0,2.0
1537,1.0,0.0,2.0,0.0,1.0,1.0,0.0,0.0,0.0,2.0
1538,1.0,1.0,0.0,0.0,0.0,1.0,1.0,0.0,0.0,1.0
1539,0.0,0.0,1.0,0.0,0.0,2.0,0.0,0.0,0.0,0.0
1540,0.0,0.0,0.0,0.0,1.0,0.0,0.0,1.0,0.0,1.0
1541,0.0,1.0,0.0,0.0,1.0,2.0,0.0,0.0,0.0,0.0
1542,0.0,0.0,0.0,0.0,1.0,0.0,3.0,2.0,0.0,1.0
1543,0.0,1.0,2.0,2.0,0.0,4.0,2.0,1.0,0.0,1.0
1544,0.0,1.0,1.0,2.0,1.0,1.0,3.0,2.0,1.0,1.0
1545,1.0,2.0,0.0,0.0,1.0,1.0,1.0,0.0,0.0,3.0
1546,0.0,0.0,1.0,0.0,6.0,4.0,3.0,2.0,2.0,3.0
1547,2.0,1.0,2.0,1.0,5.0,3.0,2.0,4.0,0.0,0.0
1548,0.0,1.0,0.0,0.0,2.0,2.0,1.0,1.0,0.0,2.0
1549,1.0,0.0,0.0,0.0,0.0,2.0,1.0,0.0,0.0,1.0
1550,0.0,1.0,0.0,1.0,1.0,3.0,1.0,4.0,1.0,1.0
1551,0.0,1.0,2.0,0.0,5.0,2.0,2.0,0.0,0.0,2.0
1552,0.0,0.0,2.0,0.0,2.0,0.0,7.0,1.0,1.0,3.0
1553,1.0,2.0,1.0,1.0,1.0,4.0,3.0,2.0,1.0,5.0
1554,0.0,4.0,1.0,0.0,2.0,2.0,1.0,1.0,1.0,0.0
1555,0.0,2.0,0.0,0.0,2.0,2.0,2.0,2.0,2.0,4.0
1556,1.0,1.0,1.0,3.0,0.0,1.0,1.0,1.0,1.0,2.0
1557,0.0,1.0,1.0,2.0,4.0,3.0,3.0,3.0,2.0,3.0
1558,1.0,0.0,0.0,0.0,4.0,3.0,3.0,2.0,2.0,3.0
1559,0.0,2.0,0.0,0.0,1.0,1.0,2.0,1.0,0.0,4.0
1560,0.0,0.0,0.0,1.0,2.0,1.0,1.0,1.0,1.0,1.0
1561,0.0,1.0,0.0,0.0,1.0,0.0,2.0,2.0,2.0,3.0
1562,0.0,0.0,1.0,2.0,0.0,0.0,2.0,1.0,0.0,1.0
1563,0.0,0.0,1.0,0.0,2.0,0.0,1.0,0.0,1.0,0.0
1564,0.0,0.0,1.0,0.0,0.0,1.0,0.0,1.0,0.0,0.0
1565,0.0,0.0,0.0,0.0,1.0,0.0,0.0,0.0,0.0,0.0
1566,0.0,0.0,1.0,0.0,1.0,0.0,0.0,3.0,0.0,0.0
1567,2.0,2.0,0.0,0.0,1.0,1.0,2.0,3.0,0.0,1.0
1568,0.0,1.0,1.0,0.0,0.0,1.0,0.0,0.0,1.0,7.0
1569,0.0,0.0,1.0,0.0,1.0,2.0,0.0,1.0,1.0,1.0
1570,4.0,0.0,1.0,1.0,0.0,1.0,6.0,3.0,1.0,3.0
1571,0.0,0.0,0.0,2.0,3.0,3.0,0.0,1.0,1.0,4.0
1572,1.0,0.0,1.0,0.0,2.0,1.0,1.0,1.0,2.0,5.0
1573,1.0,1.0,1.0,0.0,3.0,5.0,2.0,2.0,1.0,3.0
1574,1.0,2.0,0.0,1.0,1.0,1.0,1.0,0.0,0.0,4.0
1575,3.0,1.0,0.0,1.0,1.0,1.0,1.0,1.0,0.0,5.0
1576,1.0,1.0,2.0,1.0,1.0,2.0,1.0,0.0,1.0,2.0
1577,0.0,0.0,0.0,1.0,3.0,2.0,1.0,3.0,2.0,4.0
1578,0.0,3.0,1.0,1.0,2.0,2.0,2.0,1.0,1.0,2.0
1579,3.0,1.0,1.0,1.0,2.0,2.0,2.0,3.0,1.0,3.0
1580,2.0,0.0,1.0,0.0,1.0,2.0,2.0,1.0,2.0,1.0
1581,2.0,1.0,1.0,1.0,4.0,1.0,3.0,3.0,2.0,3.0
1582,0.0,0.0,1.0,2.0,0.0,3.0,2.0,1.0,3.0,2.0
1583,0.0,0.0,1.0,1.0,4.0,2.0,3.0,1.0,0.0,4.0
1584,0.0,0.0,0.0,0.0,3.0,0.0,2.0,2.0,0.0,1.0
1585,0.0,0.0,0.0,0.0,1.0,0.0,0.0,1.0,0.0,0.0
1586,0.0,0.0,0.0,0.0,0.0,0.0,0.0,1.0,0.0,0.0
1587,0.0,0.0,0.0,0.0,0.0,0.0,0.0,0.0,0.0,0.0
1588,0.0,0.0,0.0,0.0,0.0,0.0,0.0,0.0,0.0,0.0
1589,0.0,0.0,0.0,1.0,0.0,0.0,0.0,0.0,0.0,0.0
1590,0.0,0.0,0.0,0.0,3.0,3.0,0.0,1.0,1.0,1.0
1591,1.0,3.0,0.0,0.0,1.0,2.0,1.0,0.0,2.0,4.0
1592,0.0,0.0,1.0,2.0,1.0,0.0,0.0,3.0,0.0,4.0
1593,0.0,0.0,1.0,0.0,1.0,3.0,1.0,1.0,0.0,0.0
1594,3.0,0.0,0.0,0.0,1.0,1.0,0.0,1.0,1.0,1.0
1595,1.0,1.0,0.0,0.0,0.0,1.0,1.0,0.0,1.0,1.0
1596,0.0,1.0,0.0,0.0,4.0,0.0,1.0,0.0,0.0,4.0
1597,1.0,1.0,1.0,0.0,2.0,1.0,2.0,0.0,0.0,1.0
1598,0.0,2.0,2.0,2.0,1.0,0.0,1.0,0.0,0.0,0.0
1599,0.0,0.0,0.0,1.0,1.0,0.0,2.0,0.0,0.0,0.0
1600,0.0,0.0,1.0,1.0,2.0,1.0,2.0,1.0,1.0,0.0
1601,1.0,1.0,0.0,0.0,1.0,1.0,1.0,1.0,1.0,2.0
1602,0.0,0.0,1.0,1.0,3.0,1.0,1.0,1.0,0.0,1.0
1603,1.0,0.0,1.0,1.0,2.0,4.0,0.0,0.0,1.0,1.0
1604,1.0,0.0,0.0,1.0,0.0,3.0,0.0,1.0,0.0,1.0
1605,3.0,0.0,0.0,0.0,4.0,1.0,1.0,0.0,2.0,0.0
1606,1.0,0.0,1.0,2.0,1.0,1.0,1.0,2.0,0.0,2.0
1607,1.0,0.0,1.0,0.0,0.0,0.0,2.0,2.0,0.0,1.0
1608,0.0,0.0,3.0,0.0,0.0,0.0,2.0,0.0,0.0,3.0
1609,0.0,0.0,0.0,0.0,3.0,0.0,0.0,0.0,0.0,0.0
1610,0.0,0.0,0.0,0.0,1.0,0.0,0.0,1.0,0.0,0.0
1611,0.0,0.0,0.0,0.0,0.0,0.0,0.0,0.0,0.0,0.0
1612,0.0,0.0,0.0,0.0,1.0,0.0,0.0,0.0,0.0,1.0
1613,1.0,0.0,0.0,1.0,0.0,2.0,0.0,0.0,0.0,0.0
1614,0.0,2.0,0.0,0.0,1.0,2.0,1.0,0.0,2.0,1.0
1615,1.0,0.0,0.0,0.0,2.0,1.0,2.0,0.0,2.0,1.0
1616,2.0,1.0,0.0,1.0,1.0,0.0,1.0,0.0,0.0,2.0
1617,0.0,1.0,0.0,0.0,2.0,3.0,1.0,3.0,0.0,3.0
1618,0.0,1.0,1.0,0.0,0.0,0.0,0.0,1.0,0.0,3.0
1619,0.0,0.0,0.0,1.0,0.0,0.0,1.0,0.0,1.0,1.0
1620,0.0,0.0,0.0,0.0,1.0,2.0,2.0,0.0,0.0,1.0
1621,0.0,0.0,0.0,1.0,0.0,3.0,1.0,2.0,0.0,1.0
1622,0.0,1.0,0.0,0.0,0.0,3.0,1.0,1.0,0.0,0.0
1623,0.0,0.0,0.0,0.0,0.0,1.0,0.0,0.0,0.0,3.0
1624,0.0,0.0,0.0,0.0,0.0,2.0,1.0,0.0,0.0,0.0
1625,0.0,1.0,1.0,0.0,1.0,7.0,2.0,2.0,0.0,1.0
1626,0.0,2.0,0.0,0.0,4.0,2.0,2.0,1.0,1.0,3.0
1627,0.0,1.0,0.0,0.0,2.0,4.0,1.0,0.0,1.0,1.0
1628,0.0,0.0,1.0,0.0,0.0,2.0,0.0,2.0,0.0,2.0
1629,0.0,1.0,1.0,2.0,3.0,0.0,1.0,3.0,3.0,2.0
1630,1.0,0.0,4.0,0.0,1.0,1.0,1.0,3.0,2.0,2.0
1631,0.0,0.0,0.0,2.0,2.0,0.0,2.0,1.0,2.0,1.0
1632,0.0,1.0,0.0,0.0,0.0,1.0,2.0,0.0,1.0,0.0
1633,1.0,0.0,1.0,0.0,0.0,1.0,0.0,1.0,0.0,4.0
1634,0.0,1.0,0.0,0.0,0.0,0.0,0.0,0.0,0.0,1.0
1635,0.0,0.0,0.0,1.0,0.0,0.0,0.0,0.0,0.0,0.0
1636,0.0,0.0,0.0,0.0,0.0,0.0,0.0,1.0,0.0,0.0
1637,0.0,0.0,0.0,1.0,0.0,0.0,0.0,0.0,0.0,0.0
1638,1.0,2.0,0.0,0.0,1.0,3.0,0.0,0.0,1.0,1.0
1639,1.0,0.0,0.0,0.0,1.0,0.0,2.0,3.0,0.0,5.0
1640,0.0,0.0,1.0,1.0,2.0,0.0,1.0,1.0,0.0,2.0
1641,0.0,1.0,0.0,0.0,2.0,0.0,0.0,0.0,0.0,0.0
1642,0.0,0.0,2.0,0.0,1.0,0.0,1.0,1.0,2.0,0.0
1643,0.0,2.0,0.0,0.0,0.0,1.0,1.0,1.0,0.0,1.0
1644,0.0,0.0,0.0,3.0,2.0,1.0,1.0,1.0,0.0,2.0
1645,0.0,0.0,2.0,1.0,1.0,0.0,3.0,0.0,1.0,1.0
1646,0.0,0.0,2.0,0.0,1.0,1.0,2.0,0.0,0.0,2.0
1647,0.0,0.0,0.0,0.0,2.0,0.0,0.0,3.0,0.0,2.0
1648,0.0,2.0,1.0,0.0,0.0,2.0,0.0,1.0,1.0,3.0
1649,1.0,0.0,1.0,0.0,2.0,3.0,1.0,1.0,1.0,3.0
1650,2.0,0.0,0.0,1.0,5.0,4.0,2.0,2.0,0.0,3.0
1651,2.0,0.0,1.0,1.0,3.0,1.0,0.0,2.0,1.0,3.0
1652,0.0,0.0,2.0,0.0,4.0,3.0,2.0,4.0,0.0,2.0
1653,1.0,0.0,1.0,1.0,3.0,1.0,1.0,0.0,1.0,4.0
1654,0.0,0.0,1.0,0.0,1.0,1.0,0.0,1.0,0.0,0.0
1655,0.0,0.0,3.0,1.0,0.0,1.0,0.0,0.0,2.0,0.0
1656,0.0,0.0,0.0,0.0,0.0,0.0,1.0,1.0,0.0,2.0
1657,1.0,0.0,0.0,0.0,0.0,0.0,1.0,0.0,0.0,0.0
1658,0.0,0.0,0.0,1.0,0.0,0.0,0.0,0.0,0.0,0.0
1659,1.0,0.0,0.0,0.0,1.0,0.0,0.0,0.0,0.0,0.0
1660,0.0,0.0,0.0,0.0,0.0,0.0,0.0,0.0,0.0,0.0
1661,0.0,0.0,0.0,1.0,0.0,0.0,0.0,0.0,0.0,1.0
1662,0.0,0.0,0.0,0.0,0.0,2.0,0.0,1.0,1.0,3.0
1663,0.0,3.0,0.0,1.0,2.0,1.0,0.0,0.0,3.0,3.0
1664,1.0,0.0,0.0,1.0,2.0,0.0,0.0,0.0,1.0,8.0
1665,1.0,0.0,1.0,1.0,1.0,0.0,0.0,1.0,0.0,1.0
1666,2.0,0.0,2.0,0.0,1.0,0.0,2.0,1.0,0.0,2.0
1667,0.0,2.0,0.0,0.0,0.0,2.0,1.0,1.0,1.0,2.0
1668,0.0,0.0,1.0,0.0,2.0,0.0,2.0,2.0,0.0,2.0
1669,1.0,0.0,0.0,1.0,0.0,0.0,0.0,2.0,1.0,2.0
1670,1.0,1.0,0.0,1.0,2.0,1.0,3.0,0.0,2.0,0.0
1671,0.0,0.0,0.0,0.0,0.0,0.0,2.0,1.0,1.0,2.0
1672,0.0,2.0,0.0,0.0,1.0,1.0,2.0,1.0,0.0,3.0
1673,1.0,0.0,0.0,0.0,0.0,1.0,3.0,4.0,2.0,2.0
1674,0.0,1.0,2.0,1.0,2.0,0.0,2.0,3.0,1.0,2.0
1675,0.0,0.0,1.0,0.0,1.0,2.0,1.0,2.0,0.0,1.0
1676,0.0,0.0,1.0,0.0,3.0,0.0,2.0,3.0,1.0,2.0
1677,0.0,0.0,1.0,1.0,2.0,0.0,5.0,1.0,1.0,3.0
1678,2.0,0.0,0.0,0.0,1.0,1.0,0.0,2.0,0.0,0.0
1679,0.0,0.0,1.0,1.0,2.0,0.0,1.0,0.0,1.0,3.0
1680,0.0,0.0,1.0,0.0,1.0,0.0,1.0,0.0,0.0,1.0
1681,0.0,0.0,0.0,0.0,2.0,0.0,0.0,1.0,0.0,0.0
1682,0.0,0.0,0.0,0.0,0.0,0.0,1.0,0.0,1.0,0.0
1683,0.0,0.0,0.0,1.0,0.0,2.0,0.0,1.0,0.0,0.0
1684,0.0,0.0,0.0,0.0,1.0,0.0,0.0,0.0,1.0,1.0
1685,0.0,1.0,0.0,1.0,0.0,0.0,0.0,0.0,0.0,0.0
1686,1.0,1.0,1.0,0.0,0.0,2.0,2.0,0.0,1.0,1.0
1687,1.0,2.0,1.0,0.0,1.0,0.0,3.0,2.0,0.0,2.0
1688,0.0,1.0,0.0,1.0,1.0,1.0,1.0,2.0,0.0,5.0
1689,1.0,0.0,2.0,0.0,1.0,2.0,0.0,1.0,1.0,2.0
1690,1.0,0.0,0.0,0.0,2.0,2.0,0.0,2.0,0.0,0.0
1691,0.0,0.0,2.0,0.0,1.0,1.0,2.0,1.0,0.0,1.0
1692,0.0,1.0,0.0,1.0,1.0,2.0,1.0,0.0,0.0,3.0
1693,2.0,0.0,0.0,1.0,3.0,2.0,3.0,0.0,1.0,4.0
1694,0.0,0.0,1.0,0.0,3.0,2.0,1.0,0.0,0.0,1.0
1695,0.0,0.0,0.0,1.0,3.0,1.0,1.0,2.0,0.0,1.0
1696,0.0,0.0,0.0,2.0,1.0,0.0,2.0,1.0,1.0,1.0
1697,1.0,0.0,0.0,0.0,2.0,3.0,1.0,0.0,2.0,5.0
1698,1.0,1.0,1.0,0.0,3.0,5.0,4.0,1.0,2.0,1.0
1699,2.0,0.0,1.0,2.0,3.0,4.0,5.0,0.0,1.0,2.0
1700,1.0,1.0,3.0,0.0,3.0,1.0,2.0,3.0,1.0,3.0
1701,0.0,0.0,1.0,2.0,1.0,2.0,0.0,0.0,3.0,1.0
1702,0.0,0.0,1.0,0.0,3.0,3.0,1.0,2.0,0.0,3.0
1703,1.0,1.0,1.0,1.0,3.0,2.0,3.0,1.0,1.0,2.0
1704,2.0,0.0,1.0,0.0,0.0,2.0,2.0,0.0,1.0,2.0
1705,1.0,1.0,0.0,0.0,0.0,1.0,0.0,0.0,0.0,1.0
1706,0.0,0.0,0.0,0.0,1.0,0.0,3.0,0.0,0.0,2.0
1707,1.0,0.0,0.0,1.0,0.0,0.0,1.0,1.0,0.0,0.0
1708,0.0,0.0,1.0,0.0,1.0,0.0,0.0,0.0,0.0,0.0
1709,0.0,0.0,1.0,0.0,1.0,0.0,0.0,0.0,0.0,1.0
1710,0.0,0.0,0.0,0.0,0.0,2.0,1.0,0.0,0.0,1.0
1711,0.0,1.0,0.0,2.0,1.0,0.0,0.0,0.0,1.0,2.0
1712,0.0,0.0,0.0,0.0,3.0,3.0,2.0,0.0,0.0,4.0
1713,3.0,1.0,1.0,0.0,3.0,0.0,2.0,1.0,1.0,3.0
1714,1.0,2.0,1.0,1.0,3.0,4.0,2.0,1.0,2.0,4.0
1715,0.0,3.0,0.0,1.0,6.0,4.0,2.0,4.0,1.0,1.0
1716,1.0,0.0,0.0,0.0,3.0,3.0,0.0,2.0,4.0,0.0
1717,2.0,2.0,0.0,1.0,3.0,2.0,1.0,4.0,2.0,2.0
1718,0.0,2.0,2.0,1.0,3.0,2.0,4.0,0.0,1.0,5.0
1719,2.0,0.0,0.0,0.0,5.0,2.0,0.0,2.0,2.0,5.0
1720,0.0,1.0,1.0,1.0,4.0,0.0,2.0,1.0,1.0,2.0
1721,2.0,1.0,1.0,1.0,1.0,7.0,1.0,3.0,1.0,3.0
1722,2.0,1.0,0.0,0.0,5.0,2.0,2.0,2.0,1.0,1.0
1723,1.0,0.0,0.0,2.0,2.0,5.0,2.0,1.0,1.0,4.0
1724,0.0,0.0,0.0,1.0,2.0,2.0,2.0,4.0,1.0,2.0
1725,0.0,1.0,2.0,1.0,2.0,1.0,1.0,1.0,1.0,5.0
1726,0.0,0.0,1.0,1.0,4.0,1.0,2.0,2.0,1.0,2.0
1727,0.0,2.0,0.0,0.0,1.0,1.0,1.0,2.0,1.0,2.0
1728,0.0,0.0,0.0,0.0,1.0,3.0,2.0,2.0,1.0,3.0
1729,0.0,1.0,1.0,0.0,2.0,3.0,0.0,1.0,1.0,1.0
1730,0.0,0.0,0.0,1.0,1.0,1.0,0.0,0.0,1.0,0.0
1731,0.0,1.0,0.0,0.0,1.0,0.0,1.0,0.0,0.0,1.0
1732,1.0,0.0,0.0,0.0,0.0,2.0,0.0,1.0,1.0,0.0
1733,0.0,0.0,0.0,0.0,1.0,0.0,1.0,1.0,0.0,0.0
1734,0.0,0.0,0.0,0.0,3.0,0.0,0.0,2.0,1.0,1.0
1735,0.0,0.0,0.0,1.0,0.0,0.0,1.0,0.0,0.0,2.0
1736,1.0,2.0,0.0,1.0,1.0,4.0,2.0,0.0,1.0,6.0
1737,2.0,0.0,1.0,2.0,2.0,1.0,2.0,3.0,0.0,1.0
1738,0.0,0.0,1.0,0.0,1.0,3.0,2.0,0.0,1.0,1.0
1739,0.0,2.0,2.0,0.0,4.0,2.0,0.0,2.0,1.0,2.0
1740,1.0,0.0,1.0,1.0,7.0,4.0,2.0,4.0,1.0,4.0
1741,2.0,2.0,1.0,4.0,6.0,0.0,4.0,1.0,0.0,4.0
1742,0.0,1.0,2.0,1.0,4.0,2.0,0.0,3.0,1.0,3.0
1743,1.0,1.0,0.0,0.0,3.0,3.0,0.0,1.0,0.0,2.0
1744,0.0,0.0,0.0,1.0,2.0,2.0,3.0,3.0,1.0,2.0
1745,0.0,0.0,2.0,1.0,2.0,0.0,4.0,1.0,1.0,3.0
1746,0.0,0.0,4.0,2.0,2.0,1.0,1.0,1.0,2.0,3.0
1747,1.0,1.0,0.0,1.0,3.0,1.0,1.0,1.0,1.0,4.0
1748,0.0,2.0,2.0,2.0,4.0,2.0,0.0,1.0,0.0,2.0
1749,3.0,0.0,3.0,0.0,1.0,3.0,1.0,0.0,1.0,4.0
1750,1.0,0.0,1.0,1.0,2.0,2.0,4.0,1.0,2.0,1.0
1751,0.0,0.0,1.0,1.0,0.0,3.0,1.0,0.0,2.0,3.0
1752,1.0,2.0,1.0,1.0,0.0,3.0,1.0,0.0,0.0,3.0
1753,1.0,0.0,0.0,0.0,1.0,2.0,1.0,1.0,0.0,1.0
1754,1.0,0.0,0.0,1.0,2.0,0.0,0.0,0.0,0.0,0.0
1755,0.0,0.0,0.0,0.0,1.0,0.0,0.0,0.0,0.0,0.0
1756,0.0,0.0,0.0,0.0,0.0,0.0,0.0,1.0,0.0,0.0
1757,0.0,0.0,0.0,0.0,0.0,0.0,0.0,0.0,0.0,1.0
1758,0.0,1.0,0.0,0.0,0.0,2.0,3.0,1.0,2.0,0.0
1759,0.0,0.0,0.0,1.0,0.0,2.0,1.0,1.0,2.0,3.0
1760,1.0,0.0,1.0,2.0,1.0,2.0,0.0,0.0,1.0,5.0
1761,1.0,0.0,1.0,0.0,2.0,2.0,0.0,1.0,0.0,0.0
1762,2.0,0.0,0.0,0.0,0.0,0.0,0.0,0.0,1.0,0.0
1763,0.0,0.0,0.0,0.0,1.0,1.0,1.0,1.0,0.0,2.0
1764,0.0,2.0,2.0,1.0,0.0,1.0,2.0,0.0,0.0,3.0
1765,0.0,0.0,0.0,1.0,0.0,1.0,1.0,0.0,0.0,2.0
1766,0.0,0.0,0.0,0.0,2.0,0.0,0.0,0.0,0.0,1.0
1767,0.0,0.0,1.0,0.0,0.0,0.0,1.0,1.0,1.0,0.0
1768,0.0,0.0,0.0,2.0,0.0,2.0,1.0,0.0,1.0,1.0
1769,0.0,0.0,0.0,0.0,2.0,2.0,2.0,0.0,3.0,4.0
1770,0.0,0.0,1.0,2.0,2.0,1.0,3.0,2.0,1.0,2.0
1771,0.0,0.0,0.0,2.0,1.0,2.0,2.0,3.0,0.0,2.0
1772,0.0,1.0,0.0,1.0,0.0,1.0,1.0,0.0,0.0,1.0
1773,0.0,2.0,1.0,0.0,3.0,3.0,1.0,0.0,1.0,3.0
1774,1.0,0.0,0.0,1.0,1.0,2.0,2.0,1.0,2.0,5.0
1775,0.0,1.0,1.0,0.0,0.0,1.0,1.0,1.0,0.0,2.0
1776,0.0,0.0,0.0,0.0,0.0,0.0,0.0,1.0,0.0,1.0
1777,0.0,0.0,0.0,0.0,1.0,0.0,0.0,0.0,0.0,0.0
1778,0.0,0.0,0.0,0.0,0.0,0.0,0.0,0.0,0.0,0.0
1779,0.0,0.0,0.0,0.0,0.0,0.0,0.0,1.0,0.0,0.0
1780,0.0,0.0,0.0,0.0,1.0,0.0,0.0,0.0,0.0,0.0
1781,0.0,0.0,1.0,0.0,1.0,1.0,0.0,0.0,0.0,0.0
1782,1.0,1.0,0.0,0.0,0.0,1.0,4.0,0.0,2.0,2.0
1783,1.0,1.0,0.0,0.0,0.0,0.0,0.0,1.0,0.0,2.0
1784,0.0,0.0,0.0,1.0,0.0,1.0,2.0,1.0,1.0,2.0
1785,1.0,1.0,0.0,0.0,0.0,0.0,0.0,0.0,0.0,1.0
1786,1.0,1.0,1.0,0.0,1.0,1.0,0.0,0.0,0.0,1.0
1787,1.0,0.0,2.0,0.0,0.0,1.0,2.0,1.0,2.0,3.0
1788,3.0,1.0,2.0,1.0,1.0,2.0,0.0,0.0,0.0,0.0
1789,0.0,1.0,0.0,0.0,1.0,2.0,1.0,1.0,0.0,1.0
1790,1.0,0.0,2.0,0.0,2.0,2.0,2.0,0.0,1.0,1.0
1791,1.0,0.0,0.0,2.0,0.0,0.0,0.0,0.0,0.0,0.0
1792,0.0,0.0,0.0,1.0,3.0,2.0,3.0,0.0,0.0,0.0
1793,0.0,0.0,1.0,1.0,3.0,2.0,0.0,1.0,1.0,3.0
1794,2.0,1.0,3.0,0.0,1.0,1.0,3.0,2.0,1.0,4.0
1795,1.0,0.0,0.0,0.0,0.0,2.0,2.0,1.0,1.0,0.0
1796,0.0,0.0,0.0,1.0,1.0,1.0,2.0,1.0,0.0,0.0
1797,1.0,0.0,1.0,0.0,1.0,1.0,2.0,2.0,1.0,1.0
1798,1.0,0.0,1.0,1.0,1.0,0.0,0.0,3.0,0.0,0.0
1799,0.0,2.0,1.0,0.0,1.0,0.0,2.0,0.0,2.0,2.0
1800,0.0,0.0,1.0,0.0,0.0,0.0,1.0,3.0,1.0,1.0
1801,0.0,0.0,0.0,0.0,1.0,0.0,0.0,0.0,0.0,1.0
1802,0.0,1.0,1.0,0.0,0.0,0.0,2.0,0.0,0.0,0.0
1803,0.0,0.0,0.0,0.0,0.0,0.0,0.0,1.0,0.0,0.0
1804,0.0,0.0,1.0,0.0,0.0,0.0,0.0,0.0,0.0,0.0
1805,0.0,0.0,0.0,0.0,1.0,0.0,0.0,0.0,0.0,0.0
1806,0.0,1.0,0.0,0.0,1.0,1.0,1.0,0.0,2.0,0.0
1807,0.0,0.0,0.0,2.0,1.0,2.0,2.0,3.0,1.0,3.0
1808,0.0,0.0,0.0,1.0,0.0,3.0,0.0,0.0,1.0,2.0
1809,2.0,0.0,0.0,0.0,2.0,3.0,1.0,0.0,1.0,1.0
1810,1.0,3.0,1.0,0.0,2.0,2.0,1.0,0.0,0.0,2.0
1811,0.0,0.0,0.0,0.0,0.0,1.0,1.0,0.0,1.0,2.0
1812,0.0,1.0,3.0,1.0,3.0,2.0,2.0,0.0,0.0,3.0
1813,0.0,0.0,0.0,0.0,1.0,1.0,2.0,1.0,0.0,1.0
1814,0.0,0.0,0.0,0.0,2.0,0.0,4.0,3.0,0.0,1.0
1815,0.0,2.0,1.0,1.0,3.0,2.0,1.0,1.0,1.0,0.0
1816,2.0,1.0,0.0,0.0,2.0,4.0,1.0,0.0,0.0,2.0
1817,2.0,0.0,0.0,0.0,1.0,0.0,2.0,2.0,1.0,1.0
1818,1.0,0.0,2.0,0.0,3.0,4.0,2.0,0.0,2.0,6.0
1819,0.0,1.0,0.0,0.0,2.0,2.0,0.0,1.0,1.0,1.0
1820,3.0,1.0,0.0,0.0,1.0,3.0,2.0,0.0,0.0,2.0
1821,0.0,1.0,1.0,3.0,0.0,2.0,3.0,0.0,0.0,2.0
1822,1.0,1.0,0.0,2.0,0.0,3.0,2.0,2.0,1.0,2.0
1823,1.0,0.0,0.0,1.0,1.0,0.0,0.0,1.0,1.0,0.0
1824,0.0,0.0,0.0,0.0,2.0,0.0,4.0,0.0,0.0,2.0
1825,0.0,0.0,0.0,0.0,1.0,0.0,1.0,2.0,0.0,1.0
1826,0.0,0.0,0.0,0.0,0.0,0.0,0.0,0.0,0.0,2.0
1827,2.0,0.0,0.0,0.0,1.0,0.0,0.0,1.0,0.0,0.0
1828,0.0,0.0,0.0,0.0,0.0,0.0,0.0,0.0,0.0,0.0
1829,0.0,0.0,0.0,0.0,0.0,1.0,0.0,1.0,0.0,0.0
1830,0.0,1.0,1.0,0.0,1.0,2.0,1.0,0.0,1.0,0.0
1831,1.0,1.0,1.0,0.0,1.0,2.0,1.0,1.0,1.0,2.0
1832,0.0,0.0,0.0,4.0,2.0,2.0,1.0,0.0,3.0,3.0
1833,1.0,1.0,0.0,0.0,2.0,2.0,0.0,2.0,0.0,1.0
1834,1.0,0.0,2.0,0.0,1.0,2.0,2.0,0.0,0.0,2.0
1835,0.0,2.0,0.0,1.0,2.0,1.0,2.0,2.0,0.0,2.0
1836,0.0,0.0,1.0,0.0,2.0,0.0,1.0,1.0,0.0,2.0
1837,0.0,0.0,1.0,0.0,3.0,0.0,0.0,2.0,1.0,1.0
1838,0.0,0.0,3.0,0.0,2.0,1.0,1.0,2.0,1.0,1.0
1839,0.0,0.0,1.0,1.0,1.0,0.0,0.0,2.0,0.0,1.0
1840,1.0,0.0,0.0,1.0,0.0,3.0,0.0,2.0,2.0,1.0
1841,0.0,0.0,0.0,0.0,4.0,3.0,2.0,2.0,0.0,1.0
1842,2.0,1.0,1.0,0.0,3.0,3.0,3.0,1.0,1.0,0.0
1843,0.0,0.0,1.0,0.0,2.0,0.0,1.0,0.0,1.0,4.0
1844,0.0,1.0,0.0,0.0,2.0,2.0,1.0,4.0,1.0,2.0
1845,0.0,0.0,0.0,0.0,1.0,3.0,3.0,1.0,0.0,1.0
1846,1.0,1.0,0.0,0.0,1.0,2.0,1.0,0.0,1.0,4.0
1847,0.0,0.0,0.0,0.0,0.0,0.0,3.0,0.0,1.0,0.0
1848,0.0,0.0,0.0,0.0,0.0,2.0,1.0,0.0,0.0,1.0
1849,0.0,0.0,0.0,0.0,0.0,1.0,2.0,0.0,0.0,0.0
1850,0.0,0.0,0.0,0.0,0.0,0.0,1.0,0.0,0.0,1.0
1851,1.0,0.0,0.0,0.0,1.0,0.0,1.0,0.0,0.0,0.0
1852,0.0,0.0,0.0,0.0,0.0,0.0,0.0,1.0,0.0,0.0
1853,0.0,0.0,1.0,0.0,0.0,0.0,1.0,0.0,0.0,0.0
1854,0.0,1.0,0.0,0.0,0.0,1.0,0.0,0.0,3.0,0.0
1855,0.0,1.0,1.0,0.0,2.0,4.0,2.0,0.0,1.0,2.0
1856,0.0,1.0,3.0,0.0,3.0,1.0,0.0,0.0,1.0,3.0
1857,1.0,0.0,0.0,0.0,4.0,1.0,0.0,2.0,1.0,1.0
1858,1.0,1.0,0.0,2.0,1.0,3.0,1.0,0.0,0.0,3.0
1859,0.0,1.0,0.0,0.0,0.0,2.0,2.0,1.0,0.0,2.0
1860,1.0,1.0,0.0,0.0,1.0,1.0,2.0,1.0,0.0,1.0
1861,0.0,0.0,1.0,0.0,0.0,2.0,0.0,2.0,0.0,0.0
1862,0.0,1.0,0.0,1.0,2.0,1.0,2.0,0.0,1.0,3.0
1863,1.0,0.0,1.0,0.0,1.0,3.0,1.0,1.0,1.0,2.0
1864,0.0,1.0,2.0,0.0,1.0,1.0,1.0,1.0,0.0,1.0
1865,0.0,0.0,1.0,0.0,1.0,1.0,1.0,0.0,3.0,2.0
1866,1.0,1.0,1.0,1.0,3.0,4.0,2.0,1.0,2.0,1.0
1867,0.0,1.0,2.0,0.0,2.0,5.0,3.0,1.0,0.0,1.0
1868,3.0,1.0,0.0,1.0,3.0,1.0,2.0,1.0,1.0,4.0
1869,0.0,1.0,0.0,1.0,3.0,4.0,2.0,3.0,1.0,2.0
1870,4.0,2.0,0.0,1.0,0.0,3.0,2.0,1.0,1.0,2.0
1871,1.0,0.0,0.0,1.0,2.0,0.0,1.0,2.0,0.0,1.0
1872,1.0,1.0,1.0,1.0,1.0,0.0,4.0,1.0,0.0,3.0
1873,0.0,1.0,0.0,0.0,0.0,0.0,0.0,2.0,2.0,1.0
1874,2.0,0.0,1.0,0.0,3.0,0.0,1.0,0.0,0.0,0.0
1875,0.0,2.0,0.0,1.0,1.0,1.0,0.0,0.0,0.0,0.0
1876,0.0,0.0,1.0,0.0,0.0,0.0,0.0,1.0,0.0,0.0
1877,0.0,0.0,0.0,0.0,0.0,3.0,1.0,0.0,0.0,0.0
1878,0.0,0.0,1.0,0.0,0.0,0.0,1.0,1.0,0.0,0.0
1879,0.0,1.0,0.0,2.0,0.0,3.0,1.0,2.0,0.0,4.0
1880,0.0,1.0,2.0,0.0,1.0,2.0,3.0,0.0,3.0,3.0
1881,1.0,1.0,1.0,0.0,1.0,2.0,1.0,1.0,0.0,2.0
1882,3.0,0.0,3.0,0.0,4.0,4.0,3.0,0.0,2.0,7.0
1883,1.0,2.0,1.0,2.0,5.0,4.0,0.0,2.0,0.0,4.0
1884,0.0,1.0,0.0,0.0,4.0,2.0,5.0,3.0,1.0,3.0
1885,2.0,0.0,0.0,0.0,1.0,2.0,1.0,2.0,0.0,4.0
1886,1.0,0.0,1.0,1.0,4.0,2.0,3.0,2.0,3.0,2.0
1887,1.0,1.0,0.0,0.0,3.0,1.0,2.0,4.0,1.0,2.0
1888,2.0,0.0,1.0,0.0,4.0,6.0,1.0,1.0,1.0,6.0
1889,1.0,1.0,1.0,1.0,2.0,6.0,1.0,2.0,3.0,6.0
1890,2.0,0.0,3.0,0.0,3.0,2.0,1.0,0.0,3.0,6.0
1891,2.0,0.0,0.0,2.0,3.0,6.0,0.0,1.0,1.0,1.0
1892,2.0,2.0,1.0,0.0,2.0,4.0,5.0,3.0,3.0,2.0
1893,3.0,1.0,4.0,1.0,2.0,2.0,2.0,1.0,1.0,3.0
1894,0.0,2.0,1.0,0.0,2.0,2.0,3.0,1.0,2.0,3.0
1895,0.0,2.0,1.0,0.0,1.0,4.0,1.0,2.0,2.0,3.0
1896,1.0,2.0,0.0,0.0,1.0,2.0,1.0,1.0,0.0,5.0
1897,0.0,1.0,1.0,1.0,1.0,2.0,1.0,0.0,0.0,0.0
1898,1.0,0.0,1.0,3.0,2.0,0.0,2.0,2.0,0.0,4.0
1899,0.0,0.0,0.0,0.0,2.0,1.0,0.0,1.0,1.0,0.0
1900,0.0,0.0,1.0,0.0,0.0,0.0,0.0,1.0,0.0,0.0
1901,0.0,1.0,0.0,0.0,0.0,0.0,0.0,1.0,0.0,1.0
1902,1.0,0.0,0.0,0.0,2.0,2.0,1.0,1.0,0.0,1.0
1903,0.0,0.0,0.0,0.0,0.0,1.0,0.0,0.0,0.0,1.0
1904,1.0,1.0,1.0,0.0,2.0,1.0,2.0,0.0,1.0,4.0
1905,0.0,0.0,1.0,0.0,6.0,4.0,2.0,0.0,0.0,3.0
1906,1.0,0.0,0.0,1.0,2.0,1.0,1.0,0.0,3.0,2.0
1907,2.0,1.0,3.0,0.0,4.0,2.0,0.0,1.0,0.0,2.0
1908,1.0,2.0,1.0,4.0,1.0,1.0,2.0,1.0,0.0,1.0
1909,3.0,2.0,0.0,0.0,2.0,0.0,1.0,4.0,2.0,0.0
1910,0.0,0.0,3.0,1.0,3.0,3.0,2.0,2.0,0.0,3.0
1911,0.0,0.0,1.0,3.0,0.0,1.0,0.0,3.0,1.0,0.0
1912,0.0,2.0,1.0,1.0,3.0,1.0,2.0,1.0,0.0,4.0
1913,2.0,1.0,2.0,3.0,0.0,3.0,0.0,1.0,1.0,2.0
1914,0.0,0.0,1.0,2.0,3.0,1.0,1.0,1.0,1.0,1.0
1915,3.0,0.0,1.0,1.0,5.0,4.0,1.0,1.0,3.0,4.0
1916,1.0,0.0,1.0,0.0,0.0,2.0,0.0,2.0,1.0,5.0
1917,0.0,1.0,0.0,1.0,2.0,3.0,1.0,0.0,2.0,3.0
1918,0.0,1.0,0.0,0.0,2.0,1.0,1.0,0.0,2.0,2.0
1919,1.0,0.0,2.0,1.0,1.0,1.0,1.0,2.0,0.0,2.0
1920,0.0,0.0,0.0,1.0,1.0,0.0,2.0,2.0,1.0,3.0
1921,0.0,0.0,0.0,0.0,0.0,0.0,0.0,1.0,0.0,0.0
1922,1.0,2.0,0.0,0.0,1.0,0.0,0.0,2.0,0.0,0.0
1923,0.0,0.0,0.0,0.0,1.0,0.0,0.0,0.0,1.0,0.0
1924,1.0,0.0,0.0,0.0,1.0,0.0,1.0,0.0,0.0,0.0
1925,0.0,0.0,0.0,0.0,0.0,1.0,0.0,0.0,0.0,0.0
1926,1.0,0.0,0.0,1.0,1.0,2.0,0.0,0.0,1.0,1.0
1927,1.0,1.0,1.0,1.0,1.0,2.0,2.0,1.0,0.0,5.0
1928,0.0,0.0,1.0,0.0,3.0,1.0,0.0,1.0,0.0,2.0
1929,0.0,0.0,1.0,0.0,1.0,1.0,0.0,1.0,0.0,1.0
1930,1.0,0.0,0.0,1.0,1.0,2.0,1.0,2.0,0.0,2.0
1931,0.0,2.0,1.0,0.0,4.0,0.0,1.0,3.0,1.0,4.0
1932,1.0,0.0,0.0,0.0,0.0,2.0,1.0,2.0,0.0,0.0
1933,0.0,0.0,0.0,0.0,2.0,0.0,3.0,1.0,0.0,0.0
1934,1.0,1.0,0.0,0.0,1.0,2.0,1.0,0.0,1.0,3.0
1935,0.0,0.0,0.0,0.0,1.0,0.0,0.0,0.0,0.0,1.0
1936,0.0,1.0,0.0,1.0,0.0,1.0,0.0,0.0,0.0,0.0
1937,0.0,1.0,0.0,0.0,0.0,1.0,0.0,0.0,0.0,2.0
1938,1.0,1.0,1.0,0.0,1.0,2.0,2.0,1.0,1.0,3.0
1939,1.0,0.0,1.0,0.0,2.0,2.0,1.0,1.0,0.0,4.0
1940,0.0,0.0,0.0,1.0,1.0,0.0,2.0,0.0,0.0,2.0
1941,0.0,0.0,1.0,1.0,2.0,1.0,2.0,1.0,2.0,1.0
1942,0.0,0.0,1.0,3.0,0.0,1.0,3.0,2.0,1.0,1.0
1943,0.0,0.0,1.0,1.0,1.0,0.0,2.0,2.0,0.0,1.0
1944,0.0,0.0,1.0,1.0,0.0,0.0,2.0,0.0,0.0,1.0
1945,0.0,1.0,0.0,0.0,1.0,0.0,1.0,0.0,0.0,0.0
1946,1.0,0.0,1.0,0.0,0.0,0.0,0.0,0.0,0.0,0.0
1947,0.0,0.0,0.0,0.0,2.0,0.0,0.0,1.0,0.0,0.0
1948,0.0,0.0,0.0,0.0,0.0,0.0,0.0,1.0,0.0,0.0
1949,0.0,0.0,0.0,0.0,0.0,0.0,1.0,0.0,0.0,0.0
1950,0.0,1.0,0.0,0.0,1.0,4.0,2.0,0.0,3.0,2.0
1951,0.0,4.0,1.0,1.0,0.0,1.0,1.0,0.0,1.0,3.0
1952,0.0,0.0,2.0,3.0,3.0,2.0,1.0,0.0,0.0,3.0
1953,1.0,0.0,0.0,0.0,0.0,1.0,1.0,1.0,1.0,1.0
1954,2.0,2.0,1.0,1.0,0.0,2.0,0.0,2.0,0.0,0.0
1955,1.0,0.0,2.0,0.0,1.0,1.0,1.0,0.0,0.0,0.0
1956,0.0,1.0,0.0,2.0,3.0,5.0,1.0,3.0,0.0,1.0
1957,0.0,0.0,1.0,0.0,1.0,2.0,1.0,2.0,0.0,3.0
1958,1.0,0.0,0.0,0.0,2.0,0.0,0.0,1.0,0.0,0.0
1959,0.0,0.0,0.0,0.0,1.0,0.0,0.0,1.0,1.0,1.0
1960,0.0,1.0,0.0,1.0,0.0,0.0,0.0,0.0,1.0,2.0
1961,0.0,1.0,0.0,1.0,1.0,2.0,2.0,1.0,0.0,1.0
1962,0.0,0.0,0.0,0.0,2.0,1.0,3.0,0.0,0.0,0.0
1963,0.0,2.0,0.0,0.0,3.0,0.0,1.0,2.0,0.0,4.0
1964,0.0,1.0,1.0,0.0,2.0,3.0,0.0,3.0,0.0,1.0
1965,0.0,0.0,0.0,0.0,2.0,1.0,1.0,0.0,0.0,1.0
1966,0.0,0.0,0.0,3.0,1.0,1.0,2.0,3.0,0.0,1.0
1967,1.0,0.0,0.0,0.0,1.0,0.0,1.0,2.0,0.0,0.0
1968,0.0,1.0,1.0,0.0,1.0,2.0,0.0,0.0,0.0,2.0
1969,0.0,0.0,0.0,1.0,1.0,1.0,1.0,1.0,0.0,1.0
1970,0.0,1.0,0.0,0.0,0.0,0.0,0.0,1.0,0.0,0.0
1971,0.0,0.0,0.0,0.0,3.0,0.0,0.0,1.0,0.0,0.0
1972,0.0,0.0,1.0,1.0,0.0,0.0,0.0,0.0,0.0,1.0
1973,0.0,0.0,0.0,0.0,0.0,1.0,0.0,0.0,0.0,0.0
1974,1.0,0.0,0.0,0.0,2.0,2.0,1.0,0.0,3.0,2.0
1975,0.0,1.0,1.0,0.0,2.0,1.0,3.0,1.0,1.0,3.0
1976,0.0,2.0,1.0,1.0,0.0,1.0,3.0,0.0,0.0,5.0
1977,0.0,1.0,1.0,0.0,2.0,2.0,0.0,0.0,0.0,0.0
1978,3.0,1.0,0.0,1.0,0.0,0.0,0.0,1.0,0.0,1.0
1979,0.0,0.0,0.0,0.0,3.0,0.0,2.0,1.0,1.0,0.0
1980,0.0,1.0,0.0,0.0,0.0,0.0,0.0,0.0,0.0,2.0
1981,1.0,3.0,1.0,1.0,2.0,2.0,2.0,0.0,0.0,2.0
1982,0.0,0.0,0.0,1.0,1.0,1.0,0.0,1.0,0.0,2.0
1983,1.0,0.0,0.0,1.0,3.0,0.0,1.0,2.0,0.0,1.0
1984,1.0,1.0,0.0,0.0,1.0,1.0,0.0,1.0,0.0,0.0
1985,1.0,0.0,0.0,1.0,2.0,1.0,2.0,4.0,0.0,1.0
1986,0.0,3.0,1.0,0.0,1.0,4.0,1.0,4.0,0.0,2.0
1987,0.0,2.0,0.0,2.0,1.0,5.0,0.0,1.0,3.0,0.0
1988,0.0,0.0,0.0,0.0,1.0,0.0,1.0,0.0,0.0,1.0
1989,0.0,0.0,0.0,0.0,3.0,1.0,3.0,0.0,3.0,3.0
1990,2.0,0.0,0.0,0.0,2.0,0.0,3.0,2.0,2.0,2.0
1991,1.0,1.0,0.0,0.0,1.0,2.0,0.0,2.0,2.0,2.0
1992,0.0,0.0,0.0,1.0,2.0,1.0,1.0,0.0,0.0,0.0
1993,0.0,0.0,0.0,0.0,0.0,0.0,0.0,1.0,0.0,1.0
1994,1.0,0.0,0.0,0.0,1.0,0.0,0.0,0.0,0.0,0.0
1995,0.0,0.0,0.0,0.0,1.0,0.0,0.0,0.0,0.0,0.0
1996,0.0,0.0,0.0,1.0,0.0,0.0,0.0,1.0,0.0,1.0
1997,0.0,0.0,0.0,0.0,0.0,0.0,0.0,0.0,0.0,0.0
1998,0.0,2.0,0.0,0.0,1.0,0.0,2.0,0.0,2.0,2.0
1999,0.0,0.0,0.0,0.0,2.0,1.0,0.0,1.0,1.0,2.0
2000,0.0,0.0,2.0,0.0,0.0,0.0,1.0,0.0,0.0,1.0
2001,1.0,1.0,1.0,1.0,1.0,2.0,0.0,1.0,0.0,3.0
2002,1.0,0.0,0.0,0.0,1.0,1.0,0.0,1.0,0.0,0.0
2003,0.0,1.0,0.0,0.0,3.0,0.0,1.0,2.0,0.0,1.0
2004,0.0,0.0,0.0,1.0,2.0,2.0,0.0,2.0,1.0,2.0
2005,0.0,0.0,0.0,1.0,2.0,0.0,1.0,0.0,1.0,1.0
2006,0.0,0.0,0.0,0.0,0.0,1.0,2.0,0.0,0.0,4.0
2007,0.0,0.0,1.0,0.0,1.0,0.0,0.0,2.0,1.0,1.0
2008,0.0,0.0,0.0,1.0,1.0,2.0,2.0,0.0,0.0,0.0
2009,0.0,1.0,3.0,1.0,3.0,2.0,0.0,1.0,1.0,4.0
2010,1.0,0.0,0.0,1.0,3.0,2.0,1.0,1.0,2.0,3.0
2011,0.0,0.0,0.0,1.0,3.0,1.0,1.0,0.0,3.0,4.0
2012,0.0,0.0,0.0,0.0,1.0,3.0,0.0,3.0,0.0,1.0
2013,0.0,1.0,1.0,0.0,2.0,1.0,1.0,1.0,3.0,1.0
2014,0.0,1.0,0.0,0.0,3.0,0.0,2.0,2.0,3.0,2.0
2015,0.0,0.0,3.0,0.0,1.0,2.0,2.0,1.0,2.0,0.0
2016,0.0,0.0,0.0,1.0,0.0,1.0,1.0,1.0,0.0,2.0
2017,1.0,1.0,0.0,1.0,1.0,0.0,0.0,1.0,0.0,2.0
2018,1.0,0.0,0.0,2.0,0.0,0.0,0.0,0.0,1.0,0.0
2019,0.0,0.0,0.0,0.0,1.0,0.0,0.0,0.0,0.0,0.0
2020,0.0,0.0,0.0,0.0,0.0,1.0,0.0,1.0,0.0,0.0
2021,0.0,0.0,0.0,0.0,0.0,0.0,0.0,0.0,0.0,0.0
2022,1.0,1.0,0.0,0.0,3.0,0.0,5.0,0.0,2.0,1.0
2023,1.0,1.0,1.0,0.0,2.0,1.0,2.0,2.0,0.0,1.0
2024,0.0,0.0,0.0,1.0,1.0,0.0,0.0,2.0,1.0,2.0
2025,1.0,2.0,1.0,0.0,1.0,1.0,1.0,2.0,0.0,2.0
2026,1.0,0.0,2.0,0.0,1.0,4.0,3.0,0.0,0.0,2.0
2027,0.0,2.0,0.0,1.0,1.0,2.0,0.0,1.0,0.0,1.0
2028,1.0,0.0,1.0,0.0,0.0,3.0,0.0,1.0,0.0,1.0
2029,1.0,1.0,0.0,1.0,4.0,2.0,5.0,0.0,0.0,2.0
2030,0.0,0.0,0.0,0.0,1.0,2.0,1.0,1.0,0.0,2.0
2031,1.0,0.0,2.0,0.0,1.0,3.0,0.0,1.0,1.0,1.0
2032,1.0,0.0,0.0,2.0,3.0,2.0,2.0,3.0,0.0,4.0
2033,0.0,0.0,2.0,0.0,4.0,3.0,2.0,1.0,2.0,1.0
2034,4.0,0.0,1.0,0.0,2.0,1.0,2.0,1.0,0.0,2.0
2035,1.0,2.0,1.0,0.0,0.0,1.0,3.0,0.0,0.0,5.0
2036,0.0,0.0,0.0,0.0,4.0,1.0,2.0,0.0,0.0,4.0
2037,2.0,1.0,1.0,0.0,3.0,3.0,3.0,5.0,1.0,3.0
2038,2.0,1.0,0.0,0.0,2.0,1.0,1.0,0.0,0.0,2.0
2039,0.0,0.0,0.0,1.0,4.0,1.0,2.0,0.0,3.0,0.0
2040,0.0,2.0,1.0,0.0,1.0,1.0,2.0,0.0,0.0,2.0
2041,0.0,1.0,0.0,1.0,1.0,4.0,2.0,0.0,1.0,6.0
2042,2.0,0.0,0.0,0.0,0.0,0.0,1.0,0.0,1.0,1.0
2043,0.0,0.0,0.0,0.0,0.0,1.0,0.0,0.0,1.0,1.0
2044,0.0,0.0,1.0,0.0,1.0,1.0,0.0,3.0,0.0,1.0
2045,0.0,0.0,0.0,0.0,0.0,0.0,0.0,0.0,0.0,0.0
2046,0.0,0.0,0.0,0.0,0.0,0.0,3.0,0.0,0.0,1.0
2047,0.0,3.0,0.0,0.0,0.0,1.0,0.0,0.0,0.0,0.0
2048,2.0,0.0,1.0,2.0,1.0,1.0,4.0,1.0,1.0,4.0
2049,1.0,1.0,2.0,1.0,1.0,1.0,2.0,0.0,2.0,5.0
2050,1.0,1.0,0.0,0.0,0.0,10.0,0.0,2.0,0.0,3.0
2051,1.0,2.0,1.0,1.0,4.0,1.0,3.0,1.0,0.0,3.0
2052,1.0,2.0,2.0,3.0,7.0,0.0,1.0,6.0,2.0,2.0
2053,1.0,0.0,1.0,3.0,4.0,4.0,0.0,3.0,2.0,1.0
2054,0.0,0.0,1.0,0.0,1.0,0.0,0.0,1.0,0.0,3.0
2055,1.0,0.0,0.0,1.0,1.0,3.0,3.0,0.0,1.0,1.0
2056,1.0,0.0,0.0,1.0,1.0,5.0,1.0,3.0,0.0,2.0
2057,0.0,2.0,1.0,0.0,4.0,3.0,5.0,2.0,2.0,7.0
2058,1.0,0.0,1.0,0.0,2.0,0.0,1.0,2.0,2.0,1.0
2059,3.0,3.0,1.0,0.0,0.0,0.0,3.0,3.0,2.0,5.0
2060,1.0,1.0,2.0,2.0,0.0,1.0,3.0,2.0,1.0,4.0
2061,1.0,1.0,1.0,0.0,6.0,1.0,1.0,2.0,1.0,2.0
2062,0.0,1.0,0.0,1.0,3.0,2.0,0.0,1.0,1.0,3.0
2063,1.0,1.0,2.0,2.0,1.0,2.0,3.0,4.0,2.0,1.0
2064,0.0,0.0,2.0,0.0,1.0,1.0,1.0,3.0,2.0,1.0
2065,0.0,0.0,1.0,0.0,0.0,0.0,1.0,0.0,2.0,2.0
2066,3.0,1.0,0.0,2.0,0.0,2.0,1.0,1.0,1.0,0.0
2067,0.0,0.0,0.0,0.0,2.0,1.0,0.0,0.0,0.0,1.0
2068,0.0,2.0,0.0,0.0,0.0,1.0,0.0,1.0,1.0,1.0
2069,1.0,0.0,0.0,0.0,0.0,0.0,0.0,0.0,1.0,1.0
2070,0.0,1.0,0.0,0.0,3.0,0.0,1.0,1.0,0.0,0.0
2071,2.0,2.0,0.0,0.0,2.0,0.0,1.0,1.0,1.0,0.0
2072,1.0,0.0,2.0,2.0,1.0,1.0,1.0,1.0,0.0,2.0
2073,0.0,0.0,0.0,0.0,4.0,4.0,2.0,1.0,2.0,4.0
2074,0.0,1.0,0.0,0.0,2.0,1.0,4.0,0.0,1.0,6.0
2075,0.0,0.0,2.0,2.0,4.0,2.0,2.0,1.0,2.0,3.0
2076,3.0,0.0,3.0,1.0,1.0,2.0,0.0,2.0,0.0,1.0
2077,0.0,1.0,1.0,1.0,1.0,3.0,1.0,4.0,1.0,3.0
2078,0.0,1.0,0.0,1.0,2.0,3.0,0.0,1.0,1.0,0.0
2079,0.0,1.0,0.0,1.0,1.0,1.0,1.0,1.0,2.0,4.0
2080,1.0,2.0,1.0,1.0,0.0,4.0,1.0,1.0,1.0,0.0
2081,1.0,1.0,2.0,2.0,3.0,1.0,1.0,2.0,0.0,3.0
2082,3.0,1.0,3.0,2.0,2.0,3.0,3.0,2.0,3.0,5.0
2083,0.0,0.0,3.0,1.0,4.0,3.0,0.0,1.0,1.0,1.0
2084,0.0,1.0,4.0,1.0,1.0,2.0,2.0,1.0,2.0,2.0
2085,1.0,0.0,2.0,1.0,6.0,2.0,3.0,2.0,1.0,4.0
2086,0.0,0.0,1.0,1.0,2.0,3.0,1.0,1.0,1.0,5.0
2087,0.0,0.0,1.0,1.0,2.0,0.0,5.0,1.0,2.0,3.0
2088,0.0,0.0,1.0,0.0,1.0,0.0,0.0,0.0,1.0,4.0
2089,0.0,0.0,0.0,0.0,0.0,0.0,0.0,1.0,0.0,1.0
2090,0.0,0.0,0.0,0.0,0.0,0.0,0.0,3.0,0.0,1.0
2091,0.0,0.0,0.0,0.0,0.0,0.0,0.0,0.0,0.0,0.0
2092,0.0,0.0,0.0,0.0,1.0,0.0,0.0,0.0,0.0,0.0
2093,0.0,0.0,0.0,0.0,0.0,1.0,0.0,0.0,0.0,0.0
2094,0.0,1.0,0.0,0.0,1.0,3.0,3.0,1.0,4.0,2.0
2095,1.0,0.0,1.0,1.0,0.0,1.0,1.0,2.0,0.0,2.0
2096,1.0,1.0,2.0,2.0,2.0,0.0,1.0,1.0,1.0,0.0
2097,0.0,1.0,0.0,0.0,2.0,0.0,2.0,1.0,1.0,1.0
2098,1.0,2.0,0.0,1.0,3.0,1.0,1.0,1.0,0.0,3.0
2099,0.0,0.0,0.0,2.0,1.0,1.0,0.0,0.0,0.0,4.0
2100,0.0,2.0,3.0,0.0,3.0,0.0,0.0,0.0,0.0,1.0
2101,0.0,0.0,0.0,0.0,1.0,3.0,0.0,1.0,1.0,2.0
2102,0.0,0.0,0.0,0.0,0.0,4.0,1.0,0.0,0.0,2.0
2103,0.0,0.0,1.0,1.0,0.0,1.0,0.0,0.0,0.0,0.0
2104,1.0,0.0,1.0,0.0,1.0,1.0,1.0,2.0,0.0,1.0
2105,0.0,0.0,0.0,0.0,3.0,2.0,0.0,2.0,2.0,2.0
2106,1.0,1.0,0.0,1.0,3.0,1.0,5.0,1.0,1.0,1.0
2107,0.0,0.0,2.0,1.0,1.0,2.0,1.0,0.0,0.0,3.0
2108,1.0,2.0,0.0,0.0,3.0,0.0,2.0,1.0,3.0,3.0
2109,1.0,1.0,0.0,0.0,3.0,5.0,2.0,0.0,1.0,3.0
2110,1.0,0.0,0.0,0.0,1.0,1.0,3.0,1.0,1.0,2.0
2111,0.0,0.0,0.0,1.0,4.0,0.0,3.0,1.0,0.0,1.0
2112,0.0,1.0,1.0,0.0,1.0,0.0,1.0,0.0,0.0,3.0
2113,0.0,0.0,0.0,0.0,0.0,0.0,1.0,0.0,0.0,2.0
2114,2.0,2.0,1.0,1.0,0.0,0.0,0.0,1.0,0.0,0.0
2115,0.0,0.0,0.0,0.0,0.0,0.0,0.0,1.0,0.0,0.0
2116,0.0,0.0,0.0,0.0,1.0,0.0,0.0,0.0,1.0,0.0
2117,0.0,0.0,0.0,0.0,0.0,1.0,0.0,0.0,0.0,0.0
2118,0.0,0.0,0.0,1.0,1.0,2.0,2.0,0.0,3.0,1.0
2119,0.0,1.0,2.0,1.0,0.0,0.0,0.0,0.0,3.0,3.0
2120,0.0,2.0,0.0,0.0,3.0,1.0,3.0,1.0,0.0,1.0
2121,1.0,0.0,2.0,0.0,0.0,3.0,0.0,1.0,0.0,1.0
2122,2.0,0.0,0.0,0.0,0.0,0.0,2.0,2.0,0.0,2.0
2123,0.0,1.0,0.0,1.0,1.0,0.0,5.0,3.0,1.0,1.0
2124,1.0,0.0,0.0,0.0,4.0,1.0,2.0,0.0,0.0,0.0
2125,0.0,0.0,3.0,0.0,0.0,2.0,0.0,1.0,1.0,0.0
2126,2.0,0.0,1.0,0.0,3.0,2.0,2.0,0.0,1.0,1.0
2127,1.0,0.0,1.0,0.0,4.0,2.0,3.0,3.0,1.0,0.0
2128,1.0,1.0,0.0,0.0,1.0,1.0,1.0,1.0,0.0,0.0
2129,1.0,2.0,1.0,0.0,2.0,0.0,0.0,2.0,0.0,3.0
2130,0.0,0.0,1.0,2.0,5.0,5.0,1.0,3.0,0.0,0.0
2131,0.0,1.0,0.0,1.0,2.0,1.0,2.0,1.0,0.0,3.0
2132,0.0,0.0,0.0,2.0,2.0,2.0,3.0,1.0,3.0,3.0
2133,2.0,0.0,0.0,1.0,0.0,2.0,3.0,2.0,1.0,4.0
2134,1.0,1.0,1.0,2.0,6.0,2.0,0.0,1.0,0.0,0.0
2135,0.0,0.0,1.0,0.0,3.0,1.0,1.0,1.0,2.0,0.0
2136,0.0,0.0,0.0,2.0,1.0,1.0,4.0,0.0,1.0,1.0
2137,0.0,0.0,0.0,0.0,0.0,0.0,0.0,0.0,0.0,0.0
2138,0.0,0.0,3.0,0.0,0.0,0.0,1.0,1.0,0.0,0.0
2139,1.0,0.0,1.0,0.0,0.0,0.0,0.0,0.0,0.0,0.0
2140,0.0,0.0,0.0,0.0,1.0,0.0,0.0,0.0,0.0,0.0
2141,0.0,0.0,0.0,0.0,0.0,0.0,0.0,0.0,0.0,0.0
2142,1.0,2.0,0.0,0.0,1.0,2.0,0.0,1.0,0.0,2.0
2143,0.0,1.0,0.0,1.0,1.0,1.0,2.0,2.0,0.0,2.0
2144,1.0,1.0,0.0,1.0,1.0,1.0,2.0,0.0,1.0,7.0
2145,1.0,1.0,0.0,0.0,1.0,2.0,1.0,0.0,1.0,0.0
2146,0.0,0.0,0.0,1.0,1.0,1.0,1.0,1.0,1.0,4.0
2147,1.0,2.0,0.0,0.0,2.0,3.0,0.0,0.0,0.0,0.0
2148,0.0,0.0,1.0,0.0,1.0,0.0,2.0,1.0,2.0,4.0
2149,0.0,1.0,1.0,0.0,1.0,1.0,2.0,1.0,0.0,0.0
2150,1.0,1.0,1.0,0.0,2.0,0.0,0.0,1.0,0.0,2.0
2151,0.0,0.0,0.0,0.0,2.0,0.0,2.0,0.0,0.0,1.0
2152,1.0,1.0,0.0,1.0,1.0,0.0,2.0,0.0,0.0,1.0
2153,1.0,1.0,1.0,1.0,3.0,1.0,1.0,3.0,2.0,0.0
2154,1.0,0.0,1.0,4.0,3.0,2.0,2.0,3.0,1.0,3.0
2155,1.0,1.0,2.0,1.0,3.0,2.0,2.0,2.0,1.0,1.0
2156,1.0,0.0,1.0,0.0,2.0,1.0,4.0,1.0,1.0,3.0
2157,1.0,1.0,0.0,0.0,3.0,1.0,2.0,1.0,0.0,1.0
2158,3.0,1.0,0.0,1.0,2.0,1.0,1.0,1.0,2.0,2.0
2159,0.0,1.0,0.0,0.0,2.0,3.0,2.0,2.0,0.0,2.0
2160,0.0,0.0,0.0,1.0,1.0,0.0,1.0,0.0,0.0,0.0
2161,0.0,0.0,1.0,0.0,1.0,1.0,2.0,2.0,0.0,0.0
2162,2.0,0.0,0.0,0.0,0.0,0.0,0.0,0.0,1.0,0.0
2163,0.0,0.0,0.0,0.0,2.0,0.0,0.0,1.0,0.0,0.0
2164,0.0,0.0,0.0,0.0,0.0,0.0,0.0,0.0,0.0,1.0
2165,0.0,0.0,0.0,0.0,1.0,0.0,0.0,0.0,0.0,0.0
2166,0.0,0.0,1.0,0.0,0.0,1.0,1.0,0.0,1.0,1.0
2167,0.0,1.0,0.0,0.0,0.0,2.0,1.0,2.0,0.0,2.0
2168,0.0,2.0,0.0,1.0,0.0,2.0,4.0,2.0,1.0,1.0
2169,1.0,1.0,0.0,0.0,0.0,2.0,3.0,1.0,0.0,2.0
2170,0.0,1.0,0.0,1.0,0.0,3.0,0.0,0.0,0.0,2.0
2171,0.0,0.0,0.0,0.0,1.0,1.0,2.0,0.0,0.0,1.0
2172,0.0,0.0,2.0,1.0,1.0,0.0,2.0,2.0,1.0,0.0
2173,0.0,0.0,0.0,0.0,0.0,2.0,2.0,2.0,1.0,1.0
2174,0.0,1.0,1.0,1.0,0.0,2.0,1.0,1.0,0.0,2.0
2175,0.0,1.0,1.0,0.0,0.0,2.0,3.0,2.0,2.0,2.0
2176,0.0,1.0,1.0,0.0,2.0,3.0,2.0,3.0,0.0,2.0
2177,0.0,1.0,0.0,0.0,0.0,2.0,0.0,0.0,2.0,3.0
2178,0.0,0.0,1.0,1.0,4.0,3.0,0.0,2.0,2.0,0.0
2179,0.0,0.0,0.0,0.0,0.0,0.0,0.0,0.0,0.0,0.0
